-- 3D City Database extension for the Energy ADE v. 0.8
--
--                     BETA 1, June 2017
--
-- 3D City Database: http://www.3dcitydb.org/ 
-- Energy ADE: https://github.com/cstb/citygml-energy
-- 
--                        Copyright 2017
-- Austrian Institute of Technology G.m.b.H., Austria
-- Center for Energy - Smart Cities and Regions Research Field
-- http://www.ait.ac.at/en/research-fields/smart-cities-and-regions/
-- 
-- Licensed under the Apache License, Version 2.0 (the "License");
-- you may not use this file except in compliance with the License.
-- You may obtain a copy of the License at
-- 
--     http://www.apache.org/licenses/LICENSE-2.0
--     
-- Unless required by applicable law or agreed to in writing, software
-- distributed under the License is distributed on an "AS IS" BASIS,
-- WITHOUT WARRANTIES OR CONDITIONS OF ANY KIND, either express or implied.
-- See the License for the specific language governing permissions and
-- limitations under the License.
--
--
-- ***********************************************************************
-- *********************** Energy_ADE_TEST_DATA.sql **********************
--
-- This script populates the Energy ADE tables with some test data.
-- Please ensure that you are using a citydb instance with 
-- EPSG code 31256!
--
-- ATTENTION:
-- Please check to have installed the metadata module AND
-- 01_CREATE_DB_Energy_ADE_FUNCTIONS.sql AND
-- 02_CREATE_DB_Energy_ADE_TABLES.sql AND
-- 03_CREATE_DB_Energy_ADE_TRIGGERS.sql AND
-- 04_CREATE_DB_Energy_ADE_TABLE_DATA.sql
-- scripts before.
--
-- ***********************************************************************
-- ***********************************************************************

SELECT citydb_pkg.cleanup_schema('citydb');

TRUNCATE citydb.cityobject CASCADE; 
INSERT INTO citydb.cityobject (id, objectclass_id, gmlid, gmlid_codespace, name, name_codespace, description, envelope, creation_date, termination_date, relative_to_terrain, relative_to_water, last_modification_date, updating_person, reason_for_update, lineage, xml_source) VALUES 
(1, 26, 'id_building_1', NULL, 'Building 1', '', 'This is Building 1', '01030000A0187A00000100000005000000000000000000000000000000000000000000000000000000000000000000244000000000000000000000000000000000000000000000244000000000000024400000000000002E40000000000000000000000000000024400000000000002E40000000000000000000000000000000000000000000000000', '2017-04-21 03:13:40.412+02', NULL, NULL, NULL, '2017-04-21 03:13:40.405243+02', 'citydb_user', NULL, NULL, NULL),
(2, 33, 'id_roofsurface_1', NULL, 'RoofSurface 1', '', 'This is Roofurface 1 (West)', '01030000A0187A00000100000005000000000000000000000000000000000000000000000000002440000000000000144000000000000000000000000000002440000000000000144000000000000024400000000000002E40000000000000000000000000000024400000000000002E40000000000000000000000000000000000000000000002440', '2017-04-21 03:13:40.421+02', NULL, NULL, NULL, '2017-04-21 03:13:40.405243+02', 'citydb_user', NULL, NULL, NULL),
(3, 38, 'id_window_4rw', NULL, 'Window 4rw', '', 'This is Windows 4r (West)', '01030000A0187A00000100000005000000000000000000F03F000000000000F03F00000000000026400000000000000840000000000000F03F0000000000002640000000000000084000000000000008400000000000002A40000000000000F03F00000000000008400000000000002A40000000000000F03F000000000000F03F0000000000002640', '2017-04-21 03:13:40.425+02', NULL, NULL, NULL, '2017-04-21 03:13:40.405243+02', 'citydb_user', NULL, NULL, NULL),
(4, 33, 'id_roofsurface_2', NULL, 'RoofSurface 2', '', 'This is Roofurface 2 (East)', '01030000A0187A00000100000005000000000000000000144000000000000000000000000000002440000000000000244000000000000000000000000000002440000000000000244000000000000024400000000000002E40000000000000144000000000000024400000000000002E40000000000000144000000000000000000000000000002440', '2017-04-21 03:13:40.427+02', NULL, NULL, NULL, '2017-04-21 03:13:40.405243+02', 'citydb_user', NULL, NULL, NULL),
(5, 34, 'id_wallsurface_2', NULL, 'WallSurface 2', '', 'This is WallSurface 2 (North)', '01030000A0187A00000100000005000000000000000000000000000000000024400000000000000000000000000000244000000000000024400000000000000000000000000000244000000000000024400000000000002E40000000000000000000000000000024400000000000002E40000000000000000000000000000024400000000000000000', '2017-04-21 03:13:40.428+02', NULL, NULL, NULL, '2017-04-21 03:13:40.405243+02', 'citydb_user', NULL, NULL, NULL),
(6, 34, 'id_wallsurface_1', NULL, 'WallSurface 1', '', 'This is WallSurface 1 (South)', '01030000A0187A00000100000005000000000000000000000000000000000000000000000000000000000000000000244000000000000000000000000000000000000000000000244000000000000000000000000000002E40000000000000000000000000000000000000000000002E40000000000000000000000000000000000000000000000000', '2017-04-21 03:13:40.43+02', NULL, NULL, NULL, '2017-04-21 03:13:40.405243+02', 'citydb_user', NULL, NULL, NULL),
(7, 38, 'id_window_3bs', NULL, 'Window 3bs', '', 'This is Windows 3b (South)', '01030000A0187A00000100000005000000000000000000184000000000000000000000000000001440000000000000204000000000000000000000000000001440000000000000204000000000000000000000000000001C40000000000000184000000000000000000000000000001C40000000000000184000000000000000000000000000001440', '2017-04-21 03:13:40.432+02', NULL, NULL, NULL, '2017-04-21 03:13:40.405243+02', 'citydb_user', NULL, NULL, NULL),
(8, 38, 'id_window_4bs', NULL, 'Window 4bs', '', 'This is Windows 4b (South)', '01030000A0187A00000100000005000000000000000000184000000000000000000000000000002240000000000000204000000000000000000000000000002240000000000000204000000000000000000000000000002640000000000000184000000000000000000000000000002640000000000000184000000000000000000000000000002240', '2017-04-21 03:13:40.432+02', NULL, NULL, NULL, '2017-04-21 03:13:40.405243+02', 'citydb_user', NULL, NULL, NULL),
(9, 38, 'id_window_4as', NULL, 'Window 4as', '', 'This is Windows 4a (South)', '01030000A0187A00000100000005000000000000000000004000000000000000000000000000002240000000000000104000000000000000000000000000002240000000000000104000000000000000000000000000002640000000000000004000000000000000000000000000002640000000000000004000000000000000000000000000002240', '2017-04-21 03:13:40.433+02', NULL, NULL, NULL, '2017-04-21 03:13:40.405243+02', 'citydb_user', NULL, NULL, NULL),
(10, 38, 'id_window_3as', NULL, 'Window 3as', '', 'This is Windows 3a (South)', '01030000A0187A00000100000005000000000000000000004000000000000000000000000000001440000000000000104000000000000000000000000000001440000000000000104000000000000000000000000000001C40000000000000004000000000000000000000000000001C40000000000000004000000000000000000000000000001440', '2017-04-21 03:13:40.434+02', NULL, NULL, NULL, '2017-04-21 03:13:40.405243+02', 'citydb_user', NULL, NULL, NULL),
(11, 38, 'id_window_1s', NULL, 'Window 1s', '', 'This is Windows 1 (South)', '01030000A0187A00000100000005000000000000000000F03F0000000000000000000000000000F03F00000000000000400000000000000000000000000000F03F000000000000004000000000000000000000000000000840000000000000F03F00000000000000000000000000000840000000000000F03F0000000000000000000000000000F03F', '2017-04-21 03:13:40.435+02', NULL, NULL, NULL, '2017-04-21 03:13:40.405243+02', 'citydb_user', NULL, NULL, NULL),
(12, 38, 'id_window_2s', NULL, 'Window 2s', '', 'This is Windows 2 (South)', '01030000A0187A0000010000000500000000000000000018400000000000000000000000000000F03F0000000000001C400000000000000000000000000000F03F0000000000001C400000000000000000000000000000084000000000000018400000000000000000000000000000084000000000000018400000000000000000000000000000F03F', '2017-04-21 03:13:40.435+02', NULL, NULL, NULL, '2017-04-21 03:13:40.405243+02', 'citydb_user', NULL, NULL, NULL),
(13, 39, 'id_door_1', NULL, 'Door 1', '', 'This is Door 1', '01030000A0187A00000100000005000000000000000000084000000000000000000000000000000000000000000000124000000000000000000000000000000000000000000000124000000000000000000000000000000040000000000000084000000000000000000000000000000040000000000000084000000000000000000000000000000000', '2017-04-21 03:13:40.436+02', NULL, NULL, NULL, '2017-04-21 03:13:40.405243+02', 'citydb_user', NULL, NULL, NULL),
(14, 39, 'id_door_2', NULL, 'Door 2', '', 'This is Door 2', '01030000A0187A00000100000005000000000000000000204000000000000000000000000000000000000000000000234000000000000000000000000000000000000000000000234000000000000000000000000000000040000000000000204000000000000000000000000000000040000000000000204000000000000000000000000000000000', '2017-04-21 03:13:40.437+02', NULL, NULL, NULL, '2017-04-21 03:13:40.405243+02', 'citydb_user', NULL, NULL, NULL),
(15, 34, 'id_wallsurface_4', NULL, 'WallSurface 4', '', 'This is WallSurface 4 (East)', '01030000A0187A00000100000005000000000000000000244000000000000000000000000000000000000000000000244000000000000000000000000000000000000000000000244000000000000024400000000000002440000000000000244000000000000024400000000000002440000000000000244000000000000000000000000000000000', '2017-04-21 03:13:40.438+02', NULL, NULL, NULL, '2017-04-21 03:13:40.405243+02', 'citydb_user', NULL, NULL, NULL),
(16, 38, 'id_window_2be', NULL, 'Window 2be', '', 'This is Windows 2b (East)', '01030000A0187A0000010000000500000000000000000024400000000000001440000000000000F03F00000000000024400000000000001440000000000000F03F00000000000024400000000000001C40000000000000084000000000000024400000000000001C40000000000000084000000000000024400000000000001440000000000000F03F', '2017-04-21 03:13:40.44+02', NULL, NULL, NULL, '2017-04-21 03:13:40.405243+02', 'citydb_user', NULL, NULL, NULL),
(17, 38, 'id_window_3be', NULL, 'Window 3be', '', 'This is Windows 3b (East)', '01030000A0187A0000010000000500000000000000000024400000000000001440000000000000144000000000000024400000000000001440000000000000144000000000000024400000000000001C400000000000001C4000000000000024400000000000001C400000000000001C40000000000000244000000000000014400000000000001440', '2017-04-21 03:13:40.441+02', NULL, NULL, NULL, '2017-04-21 03:13:40.405243+02', 'citydb_user', NULL, NULL, NULL),
(18, 38, 'id_window_2ae', NULL, 'Window 2ae', '', 'This is Windows 2a (East)', '01030000A0187A0000010000000500000000000000000024400000000000000040000000000000F03F00000000000024400000000000000040000000000000F03F00000000000024400000000000001040000000000000084000000000000024400000000000001040000000000000084000000000000024400000000000000040000000000000F03F', '2017-04-21 03:13:40.442+02', NULL, NULL, NULL, '2017-04-21 03:13:40.405243+02', 'citydb_user', NULL, NULL, NULL),
(19, 38, 'id_window_3ae', NULL, 'Window 3ae', '', 'This is Windows 3a (East)', '01030000A0187A00000100000005000000000000000000244000000000000000400000000000001440000000000000244000000000000000400000000000001440000000000000244000000000000010400000000000001C40000000000000244000000000000010400000000000001C40000000000000244000000000000000400000000000001440', '2017-04-21 03:13:40.443+02', NULL, NULL, NULL, '2017-04-21 03:13:40.405243+02', 'citydb_user', NULL, NULL, NULL),
(20, 34, 'id_wallsurface_3', NULL, 'WallSurface 3', '', 'This is WallSurface 1 (West)', '01030000A0187A00000100000005000000000000000000000000000000000000000000000000000000000000000000000000000000000000000000000000000000000000000000000000000000000024400000000000002440000000000000000000000000000024400000000000002440000000000000000000000000000000000000000000000000', '2017-04-21 03:13:40.443+02', NULL, NULL, NULL, '2017-04-21 03:13:40.405243+02', 'citydb_user', NULL, NULL, NULL),
(21, 38, 'id_window_1aw', NULL, 'Window 1aw', '', 'This is Windows 1a (West)', '01030000A0187A0000010000000500000000000000000000000000000000000040000000000000F03F00000000000000000000000000000040000000000000F03F00000000000000000000000000001040000000000000084000000000000000000000000000001040000000000000084000000000000000000000000000000040000000000000F03F', '2017-04-21 03:13:40.445+02', NULL, NULL, NULL, '2017-04-21 03:13:40.405243+02', 'citydb_user', NULL, NULL, NULL),
(22, 38, 'id_window_3bw', NULL, 'Window 3bw', '', 'This is Windows 3b (Wsdest)', '01030000A0187A0000010000000500000000000000000000000000000000001440000000000000144000000000000000000000000000001440000000000000144000000000000000000000000000001C400000000000001C4000000000000000000000000000001C400000000000001C40000000000000000000000000000014400000000000001440', '2017-04-21 03:13:40.446+02', NULL, NULL, NULL, '2017-04-21 03:13:40.405243+02', 'citydb_user', NULL, NULL, NULL),
(23, 38, 'id_window_1bw', NULL, 'Window 1bw', '', 'This is Windows 1b (West)', '01030000A0187A0000010000000500000000000000000000000000000000001440000000000000F03F00000000000000000000000000001440000000000000F03F00000000000000000000000000001C40000000000000084000000000000000000000000000001C40000000000000084000000000000000000000000000001440000000000000F03F', '2017-04-21 03:13:40.446+02', NULL, NULL, NULL, '2017-04-21 03:13:40.405243+02', 'citydb_user', NULL, NULL, NULL),
(24, 38, 'id_window_3aw', NULL, 'Window 3aw', '', 'This is Windows 3a (West)', '01030000A0187A00000100000005000000000000000000000000000000000000400000000000001440000000000000000000000000000000400000000000001440000000000000000000000000000010400000000000001C40000000000000000000000000000010400000000000001C40000000000000000000000000000000400000000000001440', '2017-04-21 03:13:40.447+02', NULL, NULL, NULL, '2017-04-21 03:13:40.405243+02', 'citydb_user', NULL, NULL, NULL),
(25, 35, 'id_groundsurface_1', NULL, 'GroundSurface 1', '', 'This is GroundSurface 1', '01030000A0187A00000100000005000000000000000000000000000000000000000000000000000000000000000000244000000000000000000000000000000000000000000000244000000000000024400000000000000000000000000000000000000000000024400000000000000000000000000000000000000000000000000000000000000000', '2017-04-21 03:13:40.448+02', NULL, NULL, NULL, '2017-04-21 03:13:40.405243+02', 'citydb_user', NULL, NULL, NULL);


INSERT INTO citydb.cityobject (id, objectclass_id, gmlid, name, description, creation_date) VALUES 
(1000, 26, 'id_building_2', 'Building 2', 'This is Building 2','2017-05-15'),
(1001, 26, 'id_building_3', 'Building 3', 'This is Building 3','2017-05-15'),
(1002, 26, 'id_building_4', 'Building 4', 'This is Building 4','2017-05-15'),
(1003, 26, 'id_building_5', 'Building 5', 'This is Building 5','2017-05-15');


WITH s AS (
SELECT max(id) AS newid FROM citydb.cityobject)
SELECT setval('citydb.cityobject_seq', s.newid, true) FROM s;


TRUNCATE citydb.surface_geometry CASCADE; 
INSERT INTO citydb.surface_geometry (id, gmlid, gmlid_codespace, parent_id, root_id, is_solid, is_composite, is_triangulated, is_xlink, is_reverse, solid_geometry, geometry, implicit_geometry, cityobject_id) VALUES 
(1, 'id_roofsurface_1_lod2_geom', NULL, NULL, 1, 0, 0, 0, 0, 0, NULL, NULL, NULL, 2),
(2, 'UUID_033fdaa5-27e1-439a-aa05-da3ba7c4a1dd', NULL, 1, 1, 0, 0, 0, 0, 0, NULL, '01030000A0187A00000100000005000000000000000000000000000000000000000000000000002440000000000000144000000000000000000000000000002E40000000000000144000000000000024400000000000002E40000000000000000000000000000024400000000000002440000000000000000000000000000000000000000000002440', NULL, 2),
(3, 'id_roofsurface_1_lod3_geom', NULL, NULL, 3, 0, 0, 0, 0, 0, NULL, NULL, NULL, 2),
(4, 'UUID_5b30a9e8-624e-4161-a727-a41ac7b4f2c6', NULL, 3, 3, 0, 0, 0, 0, 0, NULL, '01030000A0187A00000200000005000000000000000000000000000000000000000000000000002440000000000000144000000000000000000000000000002E40000000000000144000000000000024400000000000002E4000000000000000000000000000002440000000000000244000000000000000000000000000000000000000000000244005000000000000000000F03F000000000000F03F0000000000002640000000000000F03F00000000000008400000000000002640000000000000084000000000000008400000000000002A400000000000000840000000000000F03F0000000000002A40000000000000F03F000000000000F03F0000000000002640', NULL, 2),
(5, 'id_window_4rw_lod3_geom', NULL, NULL, 5, 0, 0, 0, 0, 0, NULL, NULL, NULL, 3),
(6, 'UUID_533af15e-db14-4702-80e5-58cf4f7b6ce5', NULL, 5, 5, 0, 0, 0, 0, 0, NULL, '01030000A0187A00000100000005000000000000000000F03F000000000000F03F00000000000026400000000000000840000000000000F03F0000000000002A40000000000000084000000000000008400000000000002A40000000000000F03F00000000000008400000000000002640000000000000F03F000000000000F03F0000000000002640', NULL, 3),
(7, 'id_roofsurface_2_lod2_geom', NULL, NULL, 7, 0, 0, 0, 0, 0, NULL, NULL, NULL, 4),
(8, 'UUID_966ecdb2-7b2f-4580-ac08-4881e2f88f07', NULL, 7, 7, 0, 0, 0, 0, 0, NULL, '01030000A0187A00000100000005000000000000000000144000000000000000000000000000002E40000000000000244000000000000000000000000000002440000000000000244000000000000024400000000000002440000000000000144000000000000024400000000000002E40000000000000144000000000000000000000000000002E40', NULL, 4),
(9, 'UUID_75629827-00e3-42b4-b259-aa54ca992dcc', NULL, NULL, 9, 0, 0, 0, 0, 0, NULL, NULL, NULL, 4),
(10, 'id_roofsurface_2_lod3_geom', NULL, 9, 9, 0, 0, 0, 0, 0, NULL, '01030000A0187A00000100000005000000000000000000144000000000000000000000000000002E40000000000000244000000000000000000000000000002440000000000000244000000000000024400000000000002440000000000000144000000000000024400000000000002E40000000000000144000000000000000000000000000002E40', NULL, 4),
(11, 'id_wallsurface_2_lod2_geom', NULL, NULL, 11, 0, 0, 0, 0, 0, NULL, NULL, NULL, 5),
(12, 'UUID_93f80ab6-8796-4bd6-b003-9c09700553fe', NULL, 11, 11, 0, 0, 0, 0, 0, NULL, '01030000A0187A00000100000006000000000000000000000000000000000024400000000000000000000000000000000000000000000024400000000000002440000000000000144000000000000024400000000000002E40000000000000244000000000000024400000000000002440000000000000244000000000000024400000000000000000000000000000000000000000000024400000000000000000', NULL, 5),
(13, 'UUID_b617228f-82ad-444f-9a73-dfddcd492c5f', NULL, NULL, 13, 0, 0, 0, 0, 0, NULL, NULL, NULL, 5),
(14, 'id_wallsurface_2_lod3_geom', NULL, 13, 13, 0, 0, 0, 0, 0, NULL, '01030000A0187A00000100000006000000000000000000000000000000000024400000000000000000000000000000000000000000000024400000000000002440000000000000144000000000000024400000000000002E40000000000000244000000000000024400000000000002440000000000000244000000000000024400000000000000000000000000000000000000000000024400000000000000000', NULL, 5),
(15, 'id_wallsurface_1_lod2_geom', NULL, NULL, 15, 0, 0, 0, 0, 0, NULL, NULL, NULL, 6),
(16, 'UUID_9bf311e2-e275-4a5a-a287-c730d8ddb8e1', NULL, 15, 15, 0, 0, 0, 0, 0, NULL, '01030000A0187A00000100000006000000000000000000000000000000000000000000000000000000000000000000244000000000000000000000000000000000000000000000244000000000000000000000000000002440000000000000144000000000000000000000000000002E40000000000000000000000000000000000000000000002440000000000000000000000000000000000000000000000000', NULL, 6),
(17, 'id_wallsurface_1_lod3_geom', NULL, NULL, 17, 0, 0, 0, 0, 0, NULL, NULL, NULL, 6),
(18, 'UUID_38282d21-559b-48d3-8fff-ed5b12003eec', NULL, 17, 17, 0, 0, 0, 0, 0, NULL, '01030000A0187A0000070000000E000000000000000000204000000000000000000000000000000000000000000000204000000000000000000000000000000040000000000000234000000000000000000000000000000040000000000000234000000000000000000000000000000000000000000000244000000000000000000000000000000000000000000000244000000000000000000000000000002440000000000000144000000000000000000000000000002E400000000000000000000000000000000000000000000024400000000000000000000000000000000000000000000000000000000000000840000000000000000000000000000000000000000000000840000000000000000000000000000000400000000000001240000000000000000000000000000000400000000000001240000000000000000000000000000000000000000000002040000000000000000000000000000000000500000000000000000018400000000000000000000000000000F03F0000000000001840000000000000000000000000000008400000000000001C40000000000000000000000000000008400000000000001C400000000000000000000000000000F03F00000000000018400000000000000000000000000000F03F05000000000000000000F03F0000000000000000000000000000F03F000000000000F03F0000000000000000000000000000084000000000000000400000000000000000000000000000084000000000000000400000000000000000000000000000F03F000000000000F03F0000000000000000000000000000F03F05000000000000000000184000000000000000000000000000001440000000000000184000000000000000000000000000001C40000000000000204000000000000000000000000000001C4000000000000020400000000000000000000000000000144000000000000018400000000000000000000000000000144005000000000000000000004000000000000000000000000000001440000000000000004000000000000000000000000000001C40000000000000104000000000000000000000000000001C400000000000001040000000000000000000000000000014400000000000000040000000000000000000000000000014400500000000000000000018400000000000000000000000000000224000000000000018400000000000000000000000000000264000000000000020400000000000000000000000000000264000000000000020400000000000000000000000000000224000000000000018400000000000000000000000000000224005000000000000000000004000000000000000000000000000002240000000000000004000000000000000000000000000002640000000000000104000000000000000000000000000002640000000000000104000000000000000000000000000002240000000000000004000000000000000000000000000002240', NULL, 6),
(19, 'id_window_3bs_lo3_geom', NULL, NULL, 19, 0, 0, 0, 0, 0, NULL, NULL, NULL, 7),
(20, 'UUID_3fdd9dfd-4dad-40b0-861d-7e25aa13b884', NULL, 19, 19, 0, 0, 0, 0, 0, NULL, '01030000A0187A00000100000005000000000000000000184000000000000000000000000000001440000000000000204000000000000000000000000000001440000000000000204000000000000000000000000000001C40000000000000184000000000000000000000000000001C40000000000000184000000000000000000000000000001440', NULL, 7),
(21, 'id_window_4bs_lo3_geom', NULL, NULL, 21, 0, 0, 0, 0, 0, NULL, NULL, NULL, 8),
(22, 'UUID_d87a696e-cd9b-496c-9838-344a42d3d3ad', NULL, 21, 21, 0, 0, 0, 0, 0, NULL, '01030000A0187A00000100000005000000000000000000184000000000000000000000000000002240000000000000204000000000000000000000000000002240000000000000204000000000000000000000000000002640000000000000184000000000000000000000000000002640000000000000184000000000000000000000000000002240', NULL, 8),
(23, 'id_window_4as_lo3_geom', NULL, NULL, 23, 0, 0, 0, 0, 0, NULL, NULL, NULL, 9),
(24, 'UUID_8ce03e8b-e8de-4665-b788-d8fb6b408cbe', NULL, 23, 23, 0, 0, 0, 0, 0, NULL, '01030000A0187A00000100000005000000000000000000004000000000000000000000000000002240000000000000104000000000000000000000000000002240000000000000104000000000000000000000000000002640000000000000004000000000000000000000000000002640000000000000004000000000000000000000000000002240', NULL, 9),
(25, 'id_window_3as_lo3_geom', NULL, NULL, 25, 0, 0, 0, 0, 0, NULL, NULL, NULL, 10),
(26, 'UUID_b1f83d78-58d9-489e-a67d-e6167aeab372', NULL, 25, 25, 0, 0, 0, 0, 0, NULL, '01030000A0187A00000100000005000000000000000000004000000000000000000000000000001440000000000000104000000000000000000000000000001440000000000000104000000000000000000000000000001C40000000000000004000000000000000000000000000001C40000000000000004000000000000000000000000000001440', NULL, 10),
(27, 'id_window_1s_lo3_geom', NULL, NULL, 27, 0, 0, 0, 0, 0, NULL, NULL, NULL, 11),
(28, 'UUID_1197cc50-2704-4fa4-a474-af5c3bbd46cc', NULL, 27, 27, 0, 0, 0, 0, 0, NULL, '01030000A0187A00000100000005000000000000000000F03F0000000000000000000000000000F03F00000000000000400000000000000000000000000000F03F000000000000004000000000000000000000000000000840000000000000F03F00000000000000000000000000000840000000000000F03F0000000000000000000000000000F03F', NULL, 11),
(29, 'id_window_2s_lo3_geom', NULL, NULL, 29, 0, 0, 0, 0, 0, NULL, NULL, NULL, 12),
(30, 'UUID_a1b70148-e167-4af2-b08c-73dec697aefa', NULL, 29, 29, 0, 0, 0, 0, 0, NULL, '01030000A0187A0000010000000500000000000000000018400000000000000000000000000000F03F0000000000001C400000000000000000000000000000F03F0000000000001C400000000000000000000000000000084000000000000018400000000000000000000000000000084000000000000018400000000000000000000000000000F03F', NULL, 12),
(31, 'id_door_1_lod3_geom', NULL, NULL, 31, 0, 0, 0, 0, 0, NULL, NULL, NULL, 13),
(32, 'UUID_5223bebc-80a7-4e59-be05-2df7b2964342', NULL, 31, 31, 0, 0, 0, 0, 0, NULL, '01030000A0187A00000100000005000000000000000000084000000000000000000000000000000000000000000000124000000000000000000000000000000000000000000000124000000000000000000000000000000040000000000000084000000000000000000000000000000040000000000000084000000000000000000000000000000000', NULL, 13),
(33, 'id_door_2_lod3_geom', NULL, NULL, 33, 0, 0, 0, 0, 0, NULL, NULL, NULL, 14),
(34, 'UUID_2402d1ef-6a97-44d0-bf4a-94220a5d44f8', NULL, 33, 33, 0, 0, 0, 0, 0, NULL, '01030000A0187A00000100000005000000000000000000204000000000000000000000000000000000000000000000234000000000000000000000000000000000000000000000234000000000000000000000000000000040000000000000204000000000000000000000000000000040000000000000204000000000000000000000000000000000', NULL, 14),
(35, 'id_wallsurface_4_lod2_geom', NULL, NULL, 35, 0, 0, 0, 0, 0, NULL, NULL, NULL, 15),
(36, 'UUID_ded56e1f-7500-4e78-a4d8-5fa24c66289d', NULL, 35, 35, 0, 0, 0, 0, 0, NULL, '01030000A0187A00000100000005000000000000000000244000000000000000000000000000000000000000000000244000000000000024400000000000000000000000000000244000000000000024400000000000002440000000000000244000000000000000000000000000002440000000000000244000000000000000000000000000000000', NULL, 15),
(37, 'id_wallsurface_4_lod3_geom', NULL, NULL, 37, 0, 0, 0, 0, 0, NULL, NULL, NULL, 15),
(38, 'UUID_0df39f41-6d49-4e65-9594-b4e6b7ad88eb', NULL, 37, 37, 0, 0, 0, 0, 0, NULL, '01030000A0187A000005000000050000000000000000002440000000000000000000000000000000000000000000002440000000000000244000000000000000000000000000002440000000000000244000000000000024400000000000002440000000000000000000000000000024400000000000002440000000000000000000000000000000000500000000000000000024400000000000001440000000000000F03F00000000000024400000000000001440000000000000084000000000000024400000000000001C40000000000000084000000000000024400000000000001C40000000000000F03F00000000000024400000000000001440000000000000F03F05000000000000000000244000000000000014400000000000001440000000000000244000000000000014400000000000001C4000000000000024400000000000001C400000000000001C4000000000000024400000000000001C4000000000000014400000000000002440000000000000144000000000000014400500000000000000000024400000000000000040000000000000F03F00000000000024400000000000000040000000000000084000000000000024400000000000001040000000000000084000000000000024400000000000001040000000000000F03F00000000000024400000000000000040000000000000F03F05000000000000000000244000000000000000400000000000001440000000000000244000000000000000400000000000001C40000000000000244000000000000010400000000000001C40000000000000244000000000000010400000000000001440000000000000244000000000000000400000000000001440', NULL, 15),
(39, 'id_window_2be_lo3_geom', NULL, NULL, 39, 0, 0, 0, 0, 0, NULL, NULL, NULL, 16),
(40, 'UUID_02e27ed0-2ada-4fd6-bf42-222a4fd4ac8c', NULL, 39, 39, 0, 0, 0, 0, 0, NULL, '01030000A0187A0000010000000500000000000000000024400000000000001440000000000000F03F00000000000024400000000000001C40000000000000F03F00000000000024400000000000001C40000000000000084000000000000024400000000000001440000000000000084000000000000024400000000000001440000000000000F03F', NULL, 16),
(41, 'id_window_3be_lo3_geom', NULL, NULL, 41, 0, 0, 0, 0, 0, NULL, NULL, NULL, 17),
(42, 'UUID_dd582ba1-7b58-4061-bb9d-210d407648f2', NULL, 41, 41, 0, 0, 0, 0, 0, NULL, '01030000A0187A0000010000000500000000000000000024400000000000001440000000000000144000000000000024400000000000001C40000000000000144000000000000024400000000000001C400000000000001C40000000000000244000000000000014400000000000001C40000000000000244000000000000014400000000000001440', NULL, 17),
(43, 'id_window_2ae_lo3_geom', NULL, NULL, 43, 0, 0, 0, 0, 0, NULL, NULL, NULL, 18),
(44, 'UUID_effd5b1c-2196-4eb6-9d5c-dc01cf3abcb6', NULL, 43, 43, 0, 0, 0, 0, 0, NULL, '01030000A0187A0000010000000500000000000000000024400000000000000040000000000000F03F00000000000024400000000000001040000000000000F03F00000000000024400000000000001040000000000000084000000000000024400000000000000040000000000000084000000000000024400000000000000040000000000000F03F', NULL, 18),
(45, 'id_window_3ae_lo3_geom', NULL, NULL, 45, 0, 0, 0, 0, 0, NULL, NULL, NULL, 19),
(46, 'UUID_8e6c8183-87ab-437f-a74d-78b6d7b82766', NULL, 45, 45, 0, 0, 0, 0, 0, NULL, '01030000A0187A00000100000005000000000000000000244000000000000000400000000000001440000000000000244000000000000010400000000000001440000000000000244000000000000010400000000000001C40000000000000244000000000000000400000000000001C40000000000000244000000000000000400000000000001440', NULL, 19),
(47, 'id_wallsurface_3_lod2_geom', NULL, NULL, 47, 0, 0, 0, 0, 0, NULL, NULL, NULL, 20),
(48, 'UUID_cd0bba56-bc60-4874-a6c5-725e335fdecb', NULL, 47, 47, 0, 0, 0, 0, 0, NULL, '01030000A0187A00000100000005000000000000000000000000000000000000000000000000000000000000000000000000000000000000000000000000002440000000000000000000000000000024400000000000002440000000000000000000000000000024400000000000000000000000000000000000000000000000000000000000000000', NULL, 20),
(49, 'id_wallsurface_3_lod3_geom', NULL, NULL, 49, 0, 0, 0, 0, 0, NULL, NULL, NULL, 20),
(50, 'UUID_60db70a2-fb51-43b6-86fb-acd80d95e105', NULL, 49, 49, 0, 0, 0, 0, 0, NULL, '01030000A0187A000005000000050000000000000000000000000000000000000000000000000000000000000000000000000000000000000000000000000024400000000000000000000000000000244000000000000024400000000000000000000000000000244000000000000000000000000000000000000000000000000000000000000000000500000000000000000000000000000000001440000000000000F03F00000000000000000000000000001C40000000000000F03F00000000000000000000000000001C40000000000000084000000000000000000000000000001440000000000000084000000000000000000000000000001440000000000000F03F0500000000000000000000000000000000001440000000000000144000000000000000000000000000001C40000000000000144000000000000000000000000000001C400000000000001C40000000000000000000000000000014400000000000001C400000000000000000000000000000144000000000000014400500000000000000000000000000000000000040000000000000F03F00000000000000000000000000001040000000000000F03F00000000000000000000000000001040000000000000084000000000000000000000000000000040000000000000084000000000000000000000000000000040000000000000F03F05000000000000000000000000000000000000400000000000001440000000000000000000000000000010400000000000001440000000000000000000000000000010400000000000001C40000000000000000000000000000000400000000000001C40000000000000000000000000000000400000000000001440', NULL, 20),
(51, 'id_window_1aw_lo3_geom', NULL, NULL, 51, 0, 0, 0, 0, 0, NULL, NULL, NULL, 21),
(52, 'UUID_fd3e3de0-3e93-4f02-91ac-db3c56cc3daf', NULL, 51, 51, 0, 0, 0, 0, 0, NULL, '01030000A0187A0000010000000500000000000000000000000000000000000040000000000000F03F00000000000000000000000000000040000000000000084000000000000000000000000000001040000000000000084000000000000000000000000000001040000000000000F03F00000000000000000000000000000040000000000000F03F', NULL, 21),
(53, 'id_window_3bw_lo3_geom', NULL, NULL, 53, 0, 0, 0, 0, 0, NULL, NULL, NULL, 22),
(54, 'UUID_d7d958dc-c8d5-4377-a044-5a284e87a534', NULL, 53, 53, 0, 0, 0, 0, 0, NULL, '01030000A0187A00000100000005000000000000000000000000000000000014400000000000001440000000000000000000000000000014400000000000001C4000000000000000000000000000001C400000000000001C4000000000000000000000000000001C400000000000001440000000000000000000000000000014400000000000001440', NULL, 22),
(55, 'id_window_1bw_lo3_geom', NULL, NULL, 55, 0, 0, 0, 0, 0, NULL, NULL, NULL, 23),
(56, 'UUID_77f6445f-c374-42ed-8420-24a145eeae86', NULL, 55, 55, 0, 0, 0, 0, 0, NULL, '01030000A0187A0000010000000500000000000000000000000000000000001440000000000000F03F00000000000000000000000000001440000000000000084000000000000000000000000000001C40000000000000084000000000000000000000000000001C40000000000000F03F00000000000000000000000000001440000000000000F03F', NULL, 23),
(57, 'id_window_3aw_lo3_geom', NULL, NULL, 57, 0, 0, 0, 0, 0, NULL, NULL, NULL, 24),
(58, 'UUID_0629137c-d886-4aa7-91bf-0f4514780a8b', NULL, 57, 57, 0, 0, 0, 0, 0, NULL, '01030000A0187A00000100000005000000000000000000000000000000000000400000000000001440000000000000000000000000000000400000000000001C40000000000000000000000000000010400000000000001C40000000000000000000000000000010400000000000001440000000000000000000000000000000400000000000001440', NULL, 24),
(59, 'id_groundsurface_1_lod2_geom', NULL, NULL, 59, 0, 0, 0, 0, 0, NULL, NULL, NULL, 25),
(60, 'UUID_de82b28c-e61b-4fa6-aa28-512a6721e3c9', NULL, 59, 59, 0, 0, 0, 0, 0, NULL, '01030000A0187A00000100000005000000000000000000000000000000000000000000000000000000000000000000000000000000000024400000000000000000000000000000244000000000000024400000000000000000000000000000244000000000000000000000000000000000000000000000000000000000000000000000000000000000', NULL, 25),
(61, 'UUID_70570b7a-c4a9-4c99-af74-b7b351642fe9', NULL, NULL, 61, 0, 0, 0, 0, 0, NULL, NULL, NULL, 25),
(62, 'id_groundsurface_1_lod3_geom', NULL, 61, 61, 0, 0, 0, 0, 0, NULL, '01030000A0187A00000100000005000000000000000000000000000000000000000000000000000000000000000000000000000000000024400000000000000000000000000000244000000000000024400000000000000000000000000000244000000000000000000000000000000000000000000000000000000000000000000000000000000000', NULL, 25);

WITH s AS (
SELECT max(id) AS newid FROM citydb.surface_geometry)
SELECT setval('citydb.surface_geometry_seq', s.newid, true) FROM s;


TRUNCATE citydb.building CASCADE; 
INSERT INTO citydb.building (id, building_parent_id, building_root_id, class, class_codespace, function, function_codespace, usage, usage_codespace, year_of_construction, year_of_demolition, roof_type, roof_type_codespace, measured_height, measured_height_unit, storeys_above_ground, storeys_below_ground, storey_heights_above_ground, storey_heights_ag_unit, storey_heights_below_ground, storey_heights_bg_unit, lod1_terrain_intersection, lod2_terrain_intersection, lod3_terrain_intersection, lod4_terrain_intersection, lod2_multi_curve, lod3_multi_curve, lod4_multi_curve, lod0_footprint_id, lod0_roofprint_id, lod1_multi_surface_id, lod2_multi_surface_id, lod3_multi_surface_id, lod4_multi_surface_id, lod1_solid_id, lod2_solid_id, lod3_solid_id, lod4_solid_id) VALUES 
(1, NULL, 1, NULL, NULL, NULL, NULL, NULL, NULL, '1989-01-01', NULL, NULL, NULL, NULL, NULL, 2, 1, NULL, NULL, NULL, NULL, NULL, NULL, NULL, NULL, NULL, NULL, NULL, NULL, NULL, NULL, NULL, NULL, NULL, NULL, NULL, NULL, NULL);

INSERT INTO citydb.building (id, building_parent_id, building_root_id, class, class_codespace, function, function_codespace, usage, usage_codespace, year_of_construction, year_of_demolition, roof_type, roof_type_codespace, measured_height, measured_height_unit, storeys_above_ground, storeys_below_ground, storey_heights_above_ground, storey_heights_ag_unit, storey_heights_below_ground, storey_heights_bg_unit, lod1_terrain_intersection, lod2_terrain_intersection, lod3_terrain_intersection, lod4_terrain_intersection, lod2_multi_curve, lod3_multi_curve, lod4_multi_curve, lod0_footprint_id, lod0_roofprint_id, lod1_multi_surface_id, lod2_multi_surface_id, lod3_multi_surface_id, lod4_multi_surface_id, lod1_solid_id, lod2_solid_id, lod3_solid_id, lod4_solid_id) VALUES 
(1000, NULL, 1000, NULL, NULL, 'Garage'    , NULL, NULL, NULL, '1911-01-01', NULL, NULL, NULL, NULL, NULL, 2, 1, NULL, NULL, NULL, NULL, NULL, NULL, NULL, NULL, NULL, NULL, NULL, NULL, NULL, NULL, NULL, NULL, NULL, NULL, NULL, NULL, NULL),
(1001, NULL, 1001, NULL, NULL, 'Hospital'  , NULL, NULL, NULL, '1932-01-01', NULL, NULL, NULL, NULL, NULL, 2, 1, NULL, NULL, NULL, NULL, NULL, NULL, NULL, NULL, NULL, NULL, NULL, NULL, NULL, NULL, NULL, NULL, NULL, NULL, NULL, NULL, NULL),
(1002, NULL, 1002, NULL, NULL, 'Garage'    , NULL, NULL, NULL, '1975-01-01', NULL, NULL, NULL, NULL, NULL, 2, 1, NULL, NULL, NULL, NULL, NULL, NULL, NULL, NULL, NULL, NULL, NULL, NULL, NULL, NULL, NULL, NULL, NULL, NULL, NULL, NULL, NULL),
(1003, NULL, 1003, NULL, NULL, 'Moon base' , NULL, NULL, NULL, '2001-01-01', NULL, NULL, NULL, NULL, NULL, 2, 1, NULL, NULL, NULL, NULL, NULL, NULL, NULL, NULL, NULL, NULL, NULL, NULL, NULL, NULL, NULL, NULL, NULL, NULL, NULL, NULL, NULL);

TRUNCATE citydb.opening CASCADE; 
INSERT INTO citydb.opening (id, objectclass_id, address_id, lod3_multi_surface_id, lod4_multi_surface_id, lod3_implicit_rep_id, lod4_implicit_rep_id, lod3_implicit_ref_point, lod4_implicit_ref_point, lod3_implicit_transformation, lod4_implicit_transformation) VALUES 
( 3, 38, NULL, 5, NULL, NULL, NULL, NULL, NULL, NULL, NULL),
( 7, 38, NULL, 19, NULL, NULL, NULL, NULL, NULL, NULL, NULL),
( 8, 38, NULL, 21, NULL, NULL, NULL, NULL, NULL, NULL, NULL),
( 9, 38, NULL, 23, NULL, NULL, NULL, NULL, NULL, NULL, NULL),
(10, 38, NULL, 25, NULL, NULL, NULL, NULL, NULL, NULL, NULL),
(11, 38, NULL, 27, NULL, NULL, NULL, NULL, NULL, NULL, NULL),
(12, 38, NULL, 29, NULL, NULL, NULL, NULL, NULL, NULL, NULL),
(13, 39, NULL, 31, NULL, NULL, NULL, NULL, NULL, NULL, NULL),
(14, 39, NULL, 33, NULL, NULL, NULL, NULL, NULL, NULL, NULL),
(16, 38, NULL, 39, NULL, NULL, NULL, NULL, NULL, NULL, NULL),
(17, 38, NULL, 41, NULL, NULL, NULL, NULL, NULL, NULL, NULL),
(18, 38, NULL, 43, NULL, NULL, NULL, NULL, NULL, NULL, NULL),
(19, 38, NULL, 45, NULL, NULL, NULL, NULL, NULL, NULL, NULL),
(21, 38, NULL, 51, NULL, NULL, NULL, NULL, NULL, NULL, NULL),
(22, 38, NULL, 53, NULL, NULL, NULL, NULL, NULL, NULL, NULL),
(23, 38, NULL, 55, NULL, NULL, NULL, NULL, NULL, NULL, NULL),
(24, 38, NULL, 57, NULL, NULL, NULL, NULL, NULL, NULL, NULL);

TRUNCATE citydb.thematic_surface CASCADE; 
INSERT INTO citydb.thematic_surface (id, objectclass_id, building_id, room_id, building_installation_id, lod2_multi_surface_id, lod3_multi_surface_id, lod4_multi_surface_id) VALUES 
( 2, 33, 1, NULL, NULL, 1, 3, NULL),    -- id_roofsurface_1
( 4, 33, 1, NULL, NULL, 7, 9, NULL),    -- id_roofsurface_2
( 5, 34, 1, NULL, NULL, 11, 13, NULL),  -- id_wallsurface_2
( 6, 34, 1, NULL, NULL, 15, 17, NULL),  -- id_wallsurface_1
(15, 34, 1, NULL, NULL, 35, 37, NULL),  -- id_wallsurface_4
(20, 34, 1, NULL, NULL, 47, 49, NULL),  -- id_wallsurface_3
(25, 35, 1, NULL, NULL, 59, 61, NULL);  -- id_groundsurface_1

TRUNCATE citydb.nrg8_building CASCADE;
INSERT INTO citydb.nrg8_building(id, objectclass_id, type, type_codespace, constr_weight, is_landmarked, ref_point) VALUES 
(1, 26, 'Multi-Family House', '', 'Medium', 0, 'SRID=31256;POINT(5 5 0)'::geometry);

INSERT INTO citydb.nrg8_building(id, objectclass_id,type, type_codespace, constr_weight, is_landmarked, ref_point) VALUES 
(1000, 26, 'Multi-Family House', '', 'Medium', 0, 'SRID=31256;POINT(5 5 0)'::geometry),
(1001, 26, 'Single-Family House', '', 'Medium', 0, 'SRID=31256;POINT(5 5 0)'::geometry),
(1002, 26, 'Apartment Block', '', 'Medium', 0, 'SRID=31256;POINT(5 5 0)'::geometry),
(1003, 26, 'Terrace House', '', 'Medium', 0, 'SRID=31256;POINT(5 5 0)'::geometry);


---
-- Module Time Series And Schedules
---
TRUNCATE citydb.nrg8_time_series CASCADE;
INSERT INTO citydb.nrg8_time_series(id, objectclass_id, gmlid, gmlid_codespace, name, name_codespace, acquisition_method, interpolation_type, quality_description, source, time_array, values_array, values_unit, array_length, temporal_extent_begin, temporal_extent_end, time_interval, time_interval_unit) VALUES 
-- regular timeseries
(1, 202, 'id_timeseries_energydemand_5', NULL, NULL, NULL, 'Simulation', 'AverageInSucceedingInterval', 'Quality description', 'TimeSeries data source', NULL, ARRAY[1, 2, 3, 4, 5, 6, 7, 8, 9, 10, 11, 12, 13, 14, 15, 16, 17, 18], 'kWh', 18, '2016-01-01'::timestamp(0) with time zone, '2016-12-31'::timestamp(0) with time zone, 0.0833, 'year'),
(2, 202, 'id_occupants_daily_timeseries_1a', NULL, NULL, NULL, 'Simulation', 'AverageInSucceedingInterval', 'Quality description', 'Source text', NULL, ARRAY[0, 0, 0, 0, 0, 0, 0, 0.1, 0.2, 0.5, 0.5, 0.7, 0.7, 0.7, 0.7, 0.8, 0.7, 0.5, 0.5, 0.3, 0.3, 0, 0, 0], 'ratio', 24, NULL, NULL, 1, 'hour'),
(3, 202, 'id_occupants_daily_timeseries_1b', NULL, NULL, NULL, 'Simulation', 'AverageInSucceedingInterval', 'Quality description', 'Source text', NULL, ARRAY[0, 0, 0, 0, 0, 0, 0, 0.1, 0.2, 0.5, 0.6, 0.8, 0.8, 0.8, 0.8, 0.8, 0.8, 0.6, 0.2, 0.2, 0.2, 0, 0, 0], 'ratio', 24, NULL, NULL, 1, 'hour'),
(4, 202, 'id_occupants_daily_timeseries_1c', NULL, NULL, NULL, 'Estimation', 'AverageInSucceedingInterval', 'Quality description', 'Source text', NULL, ARRAY[0, 0, 0, 0, 0, 0, 0, 0, 0, 0, 0, 0, 0, 0, 0, 0, 0, 0, 0, 0, 0, 0, 0, 0], 'ratio', 24, NULL, NULL, 1, 'hour'),
(5, 202, 'id_dhwfacilities_daily_timeseries_1a', NULL, NULL, NULL, 'Estimation', 'AverageInSucceedingInterval', 'Quality description', 'Source text', NULL, ARRAY[0.15, 0.15, 0.15, 0.15, 0.15, 0.15, 0.15, 0.4, 0.6, 0.9, 0.9, 0.9, 0.9, 0.9, 0.9, 0.9, 0.9, 0.9, 0.7, 0.5, 0.5, 0.15, 0.15, 0.15], 'ratio', 24, NULL, NULL, 1, 'hour'),
(6, 202, 'id_dhwfacilities_daily_timeseries_1b', NULL, NULL, NULL, 'Estimation', 'AverageInSucceedingInterval', 'Quality description', 'Source text', NULL, ARRAY[0.15, 0.15, 0.15, 0.15, 0.15, 0.15, 0.15, 0.3, 0.5, 0.8, 0.9, 0.9, 0.9, 0.9, 0.9, 0.9, 0.9, 0.7, 0.5, 0.5, 0.3, 0.15, 0.15, 0.15], 'ratio', 24, NULL, NULL, 1, 'hour'),
(7, 202, 'id_dhwfacilities_daily_timeseries_1c', NULL, NULL, NULL, 'Estimation', 'AverageInSucceedingInterval', 'Quality description', 'Source text', NULL, ARRAY[0.15, 0.15, 0.15, 0.15, 0.15, 0.15, 0.15, 0.15, 0.15, 0.15, 0.15, 0.15, 0.15, 0.15, 0.15, 0.15, 0.15, 0.15, 0.15, 0.15, 0.15, 0.15, 0.15, 0.15], 'ratio', 24, NULL, NULL, 1, 'hour'),
(8, 202, 'id_electricalapplicances_daily_timeseries_1a', NULL, NULL, NULL, 'Measurement', 'AverageInSucceedingInterval', 'Quality description text', 'Source text', NULL, ARRAY[0.15, 0.15, 0.15, 0.15, 0.15, 0.15, 0.15, 0.4, 0.6, 0.9, 0.9, 0.9, 0.9, 0.9, 0.9, 0.9, 0.9, 0.9, 0.7, 0.5, 0.5, 0.15, 0.15, 0.15], 'ratio', 24, NULL, NULL, 1, 'hour'),
(9, 202, 'id_electricalapplicances_daily_timeseries_1b', NULL, NULL, NULL, 'Measurement', 'AverageInSucceedingInterval', 'Quality description text', 'Source text', NULL, ARRAY[0.15, 0.15, 0.15, 0.15, 0.15, 0.15, 0.15, 0.3, 0.5, 0.8, 0.9, 0.9, 0.9, 0.9, 0.9, 0.9, 0.9, 0.7, 0.5, 0.5, 0.3, 0.15, 0.15, 0.15], 'ratio', 24, NULL, NULL, 1, 'hour'),
(10, 202, 'id_electricalapplicances_daily_timeseries_1c', NULL, NULL, NULL, 'Measurement', 'AverageInSucceedingInterval', 'Quality description text', 'Source text', NULL, ARRAY[0.15, 0.15, 0.15, 0.15, 0.15, 0.15, 0.15, 0.15, 0.15, 0.15, 0.15, 0.15, 0.15, 0.15, 0.15, 0.15, 0.15, 0.15, 0.15, 0.15, 0.15, 0.15, 0.15, 0.15], 'ratio', 24, NULL, NULL, 1, 'hour'),
(11, 202, 'id_lightning_daily_timeseries_1a', NULL, NULL, NULL, 'Estimation', 'AverageInSucceedingInterval', 'Quality description text', 'Source text', NULL, ARRAY[0.05, 0.05, 0.05, 0.05, 0.05, 0.05, 0.05, 0.2, 0.7, 0.5, 0.4, 0.4, 0.4, 0.4, 0.4, 0.4, 0.9, 0.9, 0.9, 0.5, 0.5, 0.05, 0.05, 0.05], 'ratio', 24, NULL, NULL, 1, 'hour'),
(12, 202, 'id_lightning_daily_timeseries_1b', NULL, NULL, NULL, 'Estimation', 'AverageInSucceedingInterval', 'Quality description text', 'Source text', NULL, ARRAY[0.05, 0.05, 0.05, 0.05, 0.05, 0.05, 0.05, 0.1, 0.7, 0.5, 0.4, 0.4, 0.4, 0.4, 0.4, 0.4, 0.9, 0.9, 0.5, 0.3, 0.3, 0.05, 0.05, 0.05], 'ratio', 24, NULL, NULL, 1, 'hour'),
(13, 202, 'id_lightning_daily_timeseries_1c', NULL, NULL, NULL, 'Estimation', 'AverageInSucceedingInterval', 'Quality description text', 'Source text', NULL, ARRAY[0.05, 0.05, 0.05, 0.05, 0.05, 0.05, 0.05, 0.05, 0.05, 0.05, 0.05, 0.05, 0.05, 0.05, 0.05, 0.05, 0.05, 0.05, 0.05, 0.05, 0.05, 0.05, 0.05, 0.05], 'ratio', 24, NULL, NULL, 1, 'hour'),
(14, 202, 'id_occupants_daily_timeseries_2a', NULL, NULL, NULL, 'Estimation', 'AverageInSucceedingInterval', 'Quality description text', 'Source text', NULL, ARRAY[0, 0, 0, 0, 0, 0, 0.15, 0.3, 0.95, 0.95, 0.95, 0.95, 0.95, 0.95, 0.95, 0.95, 0.6, 0.3, 0.15, 0.15, 0, 0, 0, 0], 'ratio', 24, NULL, NULL, 1, 'hour'),
(15, 202, 'id_occupants_daily_timeseries_2b', NULL, NULL, NULL, 'Estimation', 'AverageInSucceedingInterval', 'Quality description text', 'Source text', NULL, ARRAY[0, 0, 0, 0, 0, 0, 0, 0, 0, 0, 0, 0, 0, 0, 0, 0, 0, 0, 0, 0, 0, 0, 0, 0], 'ratio', 24, NULL, NULL, 1, 'hour'),
(16, 202, 'id_dhwfacilities_daily_timeseries_2a', NULL, NULL, NULL, 'Unknown', 'AverageInSucceedingInterval', 'Quality description text', 'Source text', NULL, ARRAY[0.2, 0.2, 0.2, 0.2, 0.2, 0.2, 0.3, 0.3, 0.9, 0.9, 0.9, 0.9, 0.9, 0.9, 0.9, 0.9, 0.5, 0.3, 0.3, 0.3, 0.2, 0.2, 0.2, 0.2], 'ratio', 24, NULL, NULL, 1, 'hour'),
(17, 202, 'id_dhwfacilities_daily_timeseries_2b', NULL, NULL, NULL, 'Unknown', 'AverageInSucceedingInterval', 'Quality description text', 'Source text', NULL, ARRAY[0.2, 0.2, 0.2, 0.2, 0.2, 0.2, 0.2, 0.2, 0.2, 0.2, 0.2, 0.2, 0.2, 0.2, 0.2, 0.2, 0.2, 0.2, 0.2, 0.2, 0.2, 0.2, 0.2, 0.2], 'ratio', 24, NULL, NULL, 1, 'hour'),
(18, 202, 'id_electricalapplicances_daily_timeseries_2a', NULL, NULL, NULL, 'Unknown', 'AverageInSucceedingInterval', 'Quality description text', 'Source text', NULL, ARRAY[0.2, 0.2, 0.2, 0.2, 0.2, 0.2, 0.3, 0.3, 0.9, 0.9, 0.9, 0.9, 0.9, 0.9, 0.9, 0.9, 0.5, 0.3, 0.3, 0.3, 0.2, 0.2, 0.2, 0.2], 'ratio', 24, NULL, NULL, 1, 'hour'),
(19, 202, 'id_electricalapplicances_daily_timeseries_2b', NULL, NULL, NULL, 'Unknown', 'AverageInSucceedingInterval', 'Quality description text', 'Source text', NULL, ARRAY[0.2, 0.2, 0.2, 0.2, 0.2, 0.2, 0.2, 0.2, 0.2, 0.2, 0.2, 0.2, 0.2, 0.2, 0.2, 0.2, 0.2, 0.2, 0.2, 0.2, 0.2, 0.2, 0.2, 0.2], 'ratio', 24, NULL, NULL, 1, 'hour'),
(20, 202, 'id_lightning_daily_timeseries_2a', NULL, NULL, NULL, 'Unknown', 'AverageInSucceedingInterval', 'Quality description text', 'Source text', NULL, ARRAY[0.05, 0.05, 0.05, 0.05, 0.05, 0.05, 0.1, 0.5, 0.3, 0.3, 0.3, 0.3, 0.3, 0.3, 0.3, 0.3, 0.9, 0.9, 0.5, 0.5, 0.05, 0.05, 0.05, 0.05], 'ratio', 24, NULL, NULL, 1, 'hour'),
(21, 202, 'id_lightning_daily_timeseries_2b', NULL, NULL, NULL, 'CalibratedSimulation', 'AverageInSucceedingInterval', 'Quality description text', 'Source text', NULL, ARRAY[0.05, 0.05, 0.05, 0.05, 0.05, 0.05, 0.05, 0.05, 0.05, 0.05, 0.05, 0.05, 0.05, 0.05, 0.05, 0.05, 0.05, 0.05, 0.05, 0.05, 0.05, 0.05, 0.05, 0.05], 'ratio', 24, NULL, NULL, 1, 'hour'),
(22, 202, 'id_occupants_daily_timeseries_3a', NULL, NULL, NULL, 'CalibratedSimulation', 'AverageInSucceedingInterval', 'Quality description text', 'Source text', NULL, ARRAY[1, 1, 1, 1, 1, 1, 1, 0.85, 0.39, 0.25, 0.25, 0.25, 0.25, 0.4, 0.4, 0.4, 0.4, 0.52, 0.87, 1, 1, 1, 1, 1], 'ratio', 24, NULL, NULL, 1, 'hour'),
(23, 202, 'id_dhwfacilities_daily_timeseries_3a', NULL, NULL, NULL, 'CalibratedSimulation', 'AverageInSucceedingInterval', 'Quality description text', 'Source text', NULL, ARRAY[0.45, 0.41, 0.39, 0.38, 0.38, 0.43, 0.54, 0.65, 0.66, 0.67, 0.69, 0.7, 0.69, 0.66, 0.65, 0.68, 0.8, 1, 1, 0.93, 0.89, 0.85, 0.71, 0.58], 'ratio', 24, NULL, NULL, 1, 'hour'),
(24, 202, 'id_electricalapplicances_daily_timeseries_3a', NULL, NULL, NULL, 'CalibratedSimulation', 'AverageInSucceedingInterval', 'Quality description text', 'Source text', NULL, ARRAY[0.45, 0.41, 0.39, 0.38, 0.38, 0.43, 0.54, 0.65, 0.66, 0.67, 0.69, 0.7, 0.69, 0.66, 0.65, 0.68, 0.8, 1, 1, 0.93, 0.89, 0.85, 0.71, 0.58], 'ratio', 24, NULL, NULL, 1, 'hour'),
(25, 202, 'id_lightning_daily_timeseries_3a', NULL, NULL, NULL, 'Estimation', 'AverageInSucceedingInterval', 'Quality description text', 'Source text', NULL, ARRAY[0.07, 0.07, 0.07, 0.07, 0.19, 0.39, 0.44, 0.39, 0.17, 0.12, 0.12, 0.12, 0.12, 0.12, 0.12, 0.21, 0.44, 0.62, 0.83, 0.99, 1, 0.69, 0.38, 0.16], 'ratio', 24, NULL, NULL, 1, 'hour'),
(26, 202, 'id_occupants_daily_timeseries_4a', NULL, NULL, NULL, 'Estimation', 'AverageInSucceedingInterval', 'Quality description text', 'Source text', NULL, ARRAY[1, 1, 1, 1, 1, 1, 1, 0.85, 0.39, 0.25, 0.25, 0.25, 0.25, 0.4, 0.4, 0.4, 0.4, 0.52, 0.87, 1, 1, 1, 1, 1], 'ratio', 24, NULL, NULL, 1, 'hour'),
(27, 202, 'id_dhwfacilities_daily_timeseries_4a', NULL, NULL, NULL, 'Estimation', 'AverageInSucceedingInterval', 'Quality description text', 'Source text', NULL, ARRAY[0.45, 0.41, 0.39, 0.38, 0.38, 0.43, 0.54, 0.65, 0.66, 0.67, 0.69, 0.7, 0.69, 0.66, 0.65, 0.68, 0.8, 1, 1, 0.93, 0.89, 0.85, 0.71, 0.58], 'ratio', 24, NULL, NULL, 1, 'hour'),
(28, 202, 'id_electricalapplicances_daily_timeseries_4a', NULL, NULL, NULL, 'Measurement', 'AverageInSucceedingInterval', 'Quality description text', 'Source text', NULL, ARRAY[0.45, 0.41, 0.39, 0.38, 0.38, 0.43, 0.54, 0.65, 0.66, 0.67, 0.69, 0.7, 0.69, 0.66, 0.65, 0.68, 0.8, 1, 1, 0.93, 0.89, 0.85, 0.71, 0.58], 'ratio', 24, NULL, NULL, 1, 'hour'),
(29, 202, 'id_lightning_daily_timeseries_4a', NULL, NULL, NULL, 'Measurement', 'AverageInSucceedingInterval', 'Quality description text', 'Source text', NULL, ARRAY[0.07, 0.07, 0.07, 0.07, 0.19, 0.39, 0.44, 0.39, 0.17, 0.12, 0.12, 0.12, 0.12, 0.12, 0.12, 0.21, 0.44, 0.62, 0.83, 0.99, 1, 0.69, 0.38, 0.16], 'ratio', 24, NULL, NULL, 1, 'hour'),
(30, 202, 'id_timeseries_energydemand_1', NULL, NULL, NULL, 'Measurement', 'AverageInSucceedingInterval', 'Quality description', 'TimeSeries data source', NULL, ARRAY[1, 2, 3, 4, 5, 6, 7, 8, 9, 10, 11, 12, 13, 14, 15, 16, 17, 18], 'kwh', 18, '2016-01-01'::timestamp(0) with time zone, '2016-01-07'::timestamp(0) with time zone, 1, 'hour'),  -- TODO: temporal extend with "before" and "after", how to map this?
(31, 202, 'id_timeseries_energydemand_2', NULL, NULL, NULL, 'Measurement', 'AverageInSucceedingInterval', 'Quality description', 'TimeSeries data source', NULL, ARRAY[1, 2, 3, 4, 5, 6, 7, 8, 9, 10, 11, 12, 13, 14, 15, 16, 17, 18], 'kwh', 18, '2016-01-01'::timestamp(0) with time zone, '2016-01-07'::timestamp(0) with time zone, 1, 'hour'),  -- TODO: temporal extend with "before" and "after", how to map this?
(32, 202, 'id_timeseries_energydemand_3', NULL, NULL, NULL, 'Measurement', 'AverageInSucceedingInterval', 'Quality description', 'TimeSeries data source', NULL, ARRAY[1, 2, 3, 4, 5, 6, 7, 8, 9, 10, 11, 12, 13, 14, 15, 16, 17, 18], 'kwh', 18, '2016-01-01'::timestamp(0) with time zone, '2016-01-07'::timestamp(0) with time zone, 1, 'hour'),  -- TODO: temporal extend with "before" and "after", how to map this?
(33, 202, 'id_timeseries_energydemand_4', NULL, NULL, NULL, 'Measurement', 'AverageInSucceedingInterval', 'Quality description', 'TimeSeries data source', NULL, ARRAY[1, 2, 3, 4, 5, 6, 7, 8, 9, 10, 11, 12, 13, 14, 15, 16, 17, 18], 'kwh', 18, '2016-01-01'::timestamp(0) with time zone, '2016-01-07'::timestamp(0) with time zone, 1, 'hour');  -- TODO: temporal extend with "before" and "after", how to map this?


INSERT INTO citydb.nrg8_time_series(id, objectclass_id, gmlid, acquisition_method, interpolation_type, quality_description, source, time_array, values_array, values_unit, array_length, temporal_extent_begin, temporal_extent_end, time_interval, time_interval_unit) VALUES 
-- time series for weather data
(1001, 204, 'id_timeseries_wheatherdata_1', 'Measurement', 'AverageInSucceedingInterval', 'Quality description', 'TimeSeries data source', NULL, NULL, 'W/m^2', 12, '2016-01-01'::timestamp(0) with time zone, '2016-12-01'::timestamp(0) with time zone, 1, 'hour'),
(1002, 205, 'id_timeseries_wheatherdata_2', 'Measurement', 'AverageInSucceedingInterval', 'Quality description', 'TimeSeries data source', NULL, NULL, 'W/m^2', NULL, '2016-01-01'::timestamp(0) with time zone, '2016-12-01'::timestamp(0) with time zone, 1, 'hour'),
(1003, 205, 'id_timeseries_wheatherdata_3', 'Measurement', 'AverageInSucceedingInterval', 'Quality description', 'TimeSeries data source', NULL, NULL, 'W/m^2', NULL, '2016-01-01'::timestamp(0) with time zone, '2016-12-01'::timestamp(0) with time zone, 1, 'hour'),
(1004, 202, 'id_timeseries_system_operation_1', 'Estimation', 'AverageInSucceedingInterval', 'Quality description', 'TimeSeries data source',NULL, NULL, 'W/m^2', NULL, '2016-01-01'::timestamp(0) with time zone, '2016-12-01'::timestamp(0) with time zone, 1, 'hour'),
(1005, 202, 'id_timeseries_system_operation_2', 'Estimation', 'AverageInSucceedingInterval', 'Quality description', 'TimeSeries data source',NULL, NULL, 'W/m^2', NULL, '2016-01-01'::timestamp(0) with time zone, '2016-12-01'::timestamp(0) with time zone, 1, 'hour'),
(1006, 202, 'id_timeseries_system_operation_3', 'Estimation', 'AverageInSucceedingInterval', 'Quality description', 'TimeSeries data source',NULL, NULL, 'W/m^2', NULL, '2018-01-01'::timestamp(0) with time zone, '2018-12-01'::timestamp(0) with time zone, 1, 'hour'),
(1007, 202, 'id_timeseries_system_operation_4', 'Estimation', 'AverageInSucceedingInterval', 'Quality description', 'TimeSeries data source',NULL, NULL, 'W/m^2', NULL, '2018-01-01'::timestamp(0) with time zone, '2018-12-01'::timestamp(0) with time zone, 1, 'hour'),
(1008, 202, 'id_timeseries_system_operation_5', 'Estimation', 'AverageInSucceedingInterval', 'Quality description', 'TimeSeries data source',NULL, NULL, 'W/m^2', NULL, '2016-01-01'::timestamp(0) with time zone, '2016-12-01'::timestamp(0) with time zone, 1, 'hour'),
(1009, 202, 'id_timeseries_system_operation_6', 'Estimation', 'AverageInSucceedingInterval', 'Quality description', 'TimeSeries data source',NULL, NULL, 'W/m^2', NULL, '2016-01-01'::timestamp(0) with time zone, '2016-12-01'::timestamp(0) with time zone, 1, 'hour'),
(1010, 202, 'id_timeseries_system_operation_7', 'Estimation', 'AverageInSucceedingInterval', 'Quality description', 'TimeSeries data source',NULL, NULL, 'W/m^2', NULL, '2018-01-01'::timestamp(0) with time zone, '2018-12-01'::timestamp(0) with time zone, 1, 'hour'),
(1011, 202, 'id_timeseries_system_operation_8', 'Estimation', 'AverageInSucceedingInterval', 'Quality description', 'TimeSeries data source',NULL, NULL, 'W/m^2', NULL, '2018-01-01'::timestamp(0) with time zone, '2018-12-01'::timestamp(0) with time zone, 1, 'hour'),
(1012, 202, 'id_timeseries_system_operation_9', 'Estimation', 'AverageInSucceedingInterval', 'Quality description', 'TimeSeries data source',NULL, NULL, 'W/m^2', NULL, '2018-01-01'::timestamp(0) with time zone, '2018-12-01'::timestamp(0) with time zone, 1, 'hour'),
(1013, 202, 'id_timeseries_system_operation_10', 'Estimation', 'AverageInSucceedingInterval', 'Quality description', 'TimeSeries data source',NULL, NULL, 'W/m^2', NULL, '2018-01-01'::timestamp(0) with time zone, '2018-12-01'::timestamp(0) with time zone, 1, 'hour'),
(1021, 202, 'id_timeseries_final_energy_1', 'Simulation', 'AverageInSucceedingInterval', 'Quality description', 'TimeSeries data source',NULL, NULL, 'W/m^2', NULL, '2016-01-01'::timestamp(0) with time zone, '2016-12-01'::timestamp(0) with time zone, 1, 'hour'),
(1022, 202, 'id_timeseries_final_energy_2', 'Simulation', 'AverageInSucceedingInterval', 'Quality description', 'TimeSeries data source',NULL, NULL, 'W/m^2', NULL, '2016-01-01'::timestamp(0) with time zone, '2016-12-01'::timestamp(0) with time zone, 1, 'hour'),
(1023, 202, 'id_timeseries_final_energy_3', 'Simulation', 'AverageInSucceedingInterval', 'Quality description', 'TimeSeries data source',NULL, NULL, 'W/m^2', NULL, '2018-01-01'::timestamp(0) with time zone, '2018-12-01'::timestamp(0) with time zone, 1, 'hour'),
(1024, 202, 'id_timeseries_final_energy_4', 'Simulation', 'AverageInSucceedingInterval', 'Quality description', 'TimeSeries data source',NULL, NULL, 'W/m^2', NULL, '2018-01-01'::timestamp(0) with time zone, '2018-12-01'::timestamp(0) with time zone, 1, 'hour'),
(1025, 202, 'id_timeseries_final_energy_5', 'Simulation', 'AverageInSucceedingInterval', 'Quality description', 'TimeSeries data source',NULL, NULL, 'W/m^2', NULL, '2016-01-01'::timestamp(0) with time zone, '2016-12-01'::timestamp(0) with time zone, 1, 'hour'),
(1026, 202, 'id_timeseries_final_energy_6', 'Simulation', 'AverageInSucceedingInterval', 'Quality description', 'TimeSeries data source',NULL, NULL, 'W/m^2', NULL, '2016-01-01'::timestamp(0) with time zone, '2016-12-01'::timestamp(0) with time zone, 1, 'hour'),
(1027, 202, 'id_timeseries_final_energy_7', 'Simulation', 'AverageInSucceedingInterval', 'Quality description', 'TimeSeries data source',NULL, NULL, 'W/m^2', NULL, '2018-01-01'::timestamp(0) with time zone, '2018-12-01'::timestamp(0) with time zone, 1, 'hour'),
(1028, 202, 'id_timeseries_final_energy_8', 'Simulation', 'AverageInSucceedingInterval', 'Quality description', 'TimeSeries data source',NULL, NULL, 'W/m^2', NULL, '2018-01-01'::timestamp(0) with time zone, '2018-12-01'::timestamp(0) with time zone, 1, 'hour'),
(1029, 202, 'id_timeseries_final_energy_9', 'Simulation', 'AverageInSucceedingInterval', 'Quality description', 'TimeSeries data source',NULL, NULL, 'W/m^2', NULL, '2018-01-01'::timestamp(0) with time zone, '2018-12-01'::timestamp(0) with time zone, 1, 'hour'),
(1030, 202, 'id_timeseries_final_energy_10', 'Simulation', 'AverageInSucceedingInterval', 'Quality description', 'TimeSeries data source',NULL, NULL, 'W/m^2', NULL, '2018-01-01'::timestamp(0) with time zone, '2018-12-01'::timestamp(0) with time zone, 1, 'hour')
;


INSERT INTO citydb.nrg8_time_series_file(
id, objectclass_id, file_path, file_name, file_extension, nbr_header_lines, field_sep, 
record_sep, dec_symbol, time_col_nbr, value_col_nbr, is_compressed)
VALUES 
(1001, 204, 'c:/file_path_to/file/', 'filename', 'ext', 1, ',', DEFAULT, DEFAULT, 1, 2, 0),
(1002, 205, 'c:/file_path_to/file/', 'filename2', 'ext', 5, ',', DEFAULT, DEFAULT, 1, 2, 0),
(1003, 205, 'c:/file_path_to/file/', 'filename3', 'ext', 5, ',', DEFAULT, DEFAULT, 1, 2, 0);

INSERT INTO citydb.cityobject (id, objectclass_id, gmlid, gmlid_codespace, name, name_codespace, description, envelope, creation_date, termination_date, relative_to_terrain, relative_to_water, last_modification_date, updating_person, reason_for_update, lineage, xml_source) VALUES 
(1010, 26, 'id_building_1010', NULL, 'Building 1010', '', 'This is Building 1010',
 NULL, '2017-04-21 03:13:40.412+02', NULL, NULL, NULL, '2017-04-21 03:13:40.405243+02', 'citydb_user', NULL, NULL, NULL);

INSERT INTO citydb.building (id, building_parent_id, building_root_id, class, class_codespace, function, function_codespace, usage, usage_codespace, year_of_construction, year_of_demolition, roof_type, roof_type_codespace, measured_height, measured_height_unit, storeys_above_ground, storeys_below_ground, storey_heights_above_ground, storey_heights_ag_unit, storey_heights_below_ground, storey_heights_bg_unit, lod1_terrain_intersection, lod2_terrain_intersection, lod3_terrain_intersection, lod4_terrain_intersection, lod2_multi_curve, lod3_multi_curve, lod4_multi_curve, lod0_footprint_id, lod0_roofprint_id, lod1_multi_surface_id, lod2_multi_surface_id, lod3_multi_surface_id, lod4_multi_surface_id, lod1_solid_id, lod2_solid_id, lod3_solid_id, lod4_solid_id) VALUES 
(1010, NULL, 1010, NULL, NULL, NULL, NULL, NULL, NULL, '1990-01-01', NULL, NULL, NULL, NULL, NULL, 2, 1, NULL, NULL, NULL, NULL, NULL, NULL, NULL, NULL, NULL, NULL, NULL, NULL, NULL, NULL, NULL, NULL, NULL, NULL, NULL, NULL, NULL);


INSERT INTO citydb.cityobject (id, objectclass_id, gmlid, name, description, creation_date) VALUES 
(1020, 219, 'id_weather_station_1020', 'Weather station 1020', 'This is Weather station 1020', '2017-05-17'),
(1021, 219, 'id_weather_station_1021', 'Weather station 1020', 'This is Weather station 1021', '2017-05-17'),
(1022, 219, 'id_weather_station_1022', 'Weather station 1020', 'This is Weather station 1022', '2017-05-17'),
(1023, 219, 'id_weather_station_1023', 'Weather station 1020', 'This is Weather station 1023', '2017-05-17');

TRUNCATE citydb.nrg8_weather_station CASCADE;
INSERT INTO citydb.nrg8_weather_station(
id, objectclass_id, cityobject_id, install_point)
VALUES
(1020, 219,    1, 'SRID=31256;POINT(5 5 0)'::geometry),
(1021, 219, NULL, 'SRID=31256;POINT(8 5 0)'::geometry),
(1022, 219, 1001, 'SRID=31256;POINT(5 8 0)'::geometry),
(1023, 219, 1001, 'SRID=31256;POINT(8 8 0)'::geometry);

INSERT INTO citydb.nrg8_weather_data(
id, type, time_series_id, cityobject_id)
VALUES
( 1, 'AirTemperature', 1001, 1000),
( 2, 'Humidity', 1002, 1000),
( 3, 'WindSpeed', 1003, 1010),
(11, 'AirTemperature', NULL, 1000),
(12, 'Humidity', NULL, 1000),
(13, 'WindSpeed', NULL, 1),
(21, 'AirTemperature', NULL, 1),
(22, 'Humidity', NULL, 1),
(23, 'WindSpeed', NULL, 1),
(31, 'AirTemperature', NULL, 1020),
(32, 'Humidity', NULL, 1020),
(33, 'WindSpeed', NULL, 1020),
(34, 'AirTemperature', NULL, 1021),
(35, 'Humidity', NULL, 1022),
(36, 'WindSpeed', NULL, 1023),
(37, 'WindSpeed', NULL, 1023);

WITH s AS (
SELECT max(id) AS newid FROM citydb.nrg8_time_series)
SELECT setval('citydb.nrg8_time_series_id_seq', s.newid, true) FROM s;

TRUNCATE citydb.nrg8_schedule CASCADE;
INSERT INTO citydb.nrg8_schedule(id, objectclass_id, gmlid, gmlid_codespace, name, name_codespace, value1, value1_unit, value2, value2_unit, hours_per_day, days_per_year, time_series_id) VALUES
-- daily pattern schedule
( 1, 209, 'id_occupants_schedule_1', NULL, NULL, NULL, NULL, NULL, NULL, NULL, NULL, NULL, NULL), -- daily pattern  schedule
( 2, 209, 'id_dhwfacilities_daily_schedule_1', NULL, NULL, NULL, NULL, NULL, NULL, NULL, NULL, NULL, NULL), -- daily pattern  schedule
( 3, 209, 'id_electricalapplicances_daily_schedule_1', NULL, NULL, NULL, NULL, NULL, NULL, NULL, NULL, NULL, NULL), -- daily pattern  schedule
( 4, 209, 'id_lightning_daily_schedule_1', NULL, NULL, NULL, NULL, NULL, NULL, NULL, NULL, NULL, NULL), -- daily pattern  schedule
( 5, 209, 'id_occupants_schedule_2', NULL, NULL, NULL, NULL, NULL, NULL, NULL, NULL, NULL, NULL), -- daily pattern  schedule
( 6, 209, 'id_dhwfacilities_daily_schedule_2', NULL, NULL, NULL, NULL, NULL, NULL, NULL, NULL, NULL, NULL), -- daily pattern  schedule
( 7, 209, 'id_electricalapplicances_daily_schedule_2', NULL, NULL, NULL, NULL, NULL, NULL, NULL, NULL, NULL, NULL), -- daily pattern  schedule
( 8, 209, 'id_lightning_daily_schedule_2', NULL, NULL, NULL, NULL, NULL, NULL, NULL, NULL, NULL, NULL), -- daily pattern  schedule
( 9, 209, 'id_occupants_schedule_3', NULL, NULL, NULL, NULL, NULL, NULL, NULL, NULL, NULL, NULL), -- daily pattern  schedule
(10, 209, 'id_dhwfacilities_daily_schedule_3', NULL, NULL, NULL, NULL, NULL, NULL, NULL, NULL, NULL, NULL), -- daily pattern  schedule
(11, 209, 'id_electricalapplicances_daily_schedule_3', NULL, NULL, NULL, NULL, NULL, NULL, NULL, NULL, NULL, NULL), -- daily pattern  schedule
(12, 209, 'id_lightning_daily_schedule_3', NULL, NULL, NULL, NULL, NULL, NULL, NULL, NULL, NULL, NULL), -- daily pattern  schedule
(13, 209, 'id_occupants_schedule_4', NULL, NULL, NULL, NULL, NULL, NULL, NULL, NULL, NULL, NULL), -- daily pattern  schedule
(14, 209, 'id_dhwfacilities_daily_schedule_4', NULL, NULL, NULL, NULL, NULL, NULL, NULL, NULL, NULL, NULL), -- daily pattern  schedule
(15, 209, 'id_electricalapplicances_daily_schedule_4', NULL, NULL, NULL, NULL, NULL, NULL, NULL, NULL, NULL, NULL), -- daily pattern  schedule
(16, 209, 'id_lightning_daily_schedule_4', NULL, NULL, NULL, NULL, NULL, NULL, NULL, NULL, NULL, NULL), -- daily pattern  schedule
-- schedules for sysyem operation
(17, 206, 'id_system_operation_schedule1' , NULL, NULL, NULL, NULL, NULL, NULL, NULL, NULL, NULL, 1004), -- single value  schedule
(18, 207, 'id_system_operation_schedule2' , NULL, NULL, NULL, NULL, NULL, NULL, NULL, NULL, NULL, 1005), -- dual value schedule
(19, 210, 'id_system_operation_schedule3' , NULL, NULL, NULL, NULL, NULL, NULL, NULL, NULL, NULL, 1006), -- timeseries schedule
(20, 210, 'id_system_operation_schedule4' , NULL, NULL, NULL, NULL, NULL, NULL, NULL, NULL, NULL, 1007), -- timeseries schedule
(21, 210, 'id_system_operation_schedule5' , NULL, NULL, NULL, NULL, NULL, NULL, NULL, NULL, NULL, 1008), -- timeseries schedule
(22, 210, 'id_system_operation_schedule6' , NULL, NULL, NULL, NULL, NULL, NULL, NULL, NULL, NULL, 1009), -- timeseries schedule
(23, 210, 'id_system_operation_schedule7' , NULL, NULL, NULL, NULL, NULL, NULL, NULL, NULL, NULL, 1010), -- timeseries schedule
(24, 210, 'id_system_operation_schedule8' , NULL, NULL, NULL, NULL, NULL, NULL, NULL, NULL, NULL, 1011), -- timeseries schedule
(25, 210, 'id_system_operation_schedule9' , NULL, NULL, NULL, NULL, NULL, NULL, NULL, NULL, NULL, 1012), -- timeseries schedule
(26, 210, 'id_system_operation_schedule10', NULL, NULL, NULL, NULL, NULL, NULL, NULL, NULL, NULL, 1013); -- timeseries schedule




WITH s AS (
SELECT max(id) AS newid FROM citydb.nrg8_schedule)
SELECT setval('citydb.nrg8_schedule_id_seq', s.newid, true) FROM s;


TRUNCATE citydb.nrg8_period_of_year CASCADE;
INSERT INTO citydb.nrg8_period_of_year(id, begin_time, begin_day, begin_month, end_time, end_day, end_month, sched_id) VALUES 
( 1, '00:00:00'::time(0) without time zone, 1, 1, '23:59:59'::time(0) without time zone, 31, 12, 1),
( 2, '00:00:00'::time(0) without time zone, 1, 1, '23:59:59'::time(0) without time zone, 31, 12, 2),
( 3, '00:00:00'::time(0) without time zone, 1, 1, '23:59:59'::time(0) without time zone, 31, 12, 3),
( 4, '00:00:00'::time(0) without time zone, 1, 1, '23:59:59'::time(0) without time zone, 31, 12, 4),
( 5, '00:00:00'::time(0) without time zone, 1, 1, '23:59:59'::time(0) without time zone, 31, 12, 5),
( 6, '00:00:00'::time(0) without time zone, 1, 1, '23:59:59'::time(0) without time zone, 31, 12, 6),
( 7, '00:00:00'::time(0) without time zone, 1, 1, '23:59:59'::time(0) without time zone, 31, 12, 7),
( 8, '00:00:00'::time(0) without time zone, 1, 1, '23:59:59'::time(0) without time zone, 31, 12, 8),
( 9, '00:00:00'::time(0) without time zone, 1, 1, '23:59:59'::time(0) without time zone, 31, 12, 9),
(10, '00:00:00'::time(0) without time zone, 1, 1, '23:59:59'::time(0) without time zone, 31, 12, 10),
(11, '00:00:00'::time(0) without time zone, 1, 1, '23:59:59'::time(0) without time zone, 31, 12, 11),
(12, '00:00:00'::time(0) without time zone, 1, 1, '23:59:59'::time(0) without time zone, 31, 12, 12),
(13, '00:00:00'::time(0) without time zone, 1, 1, '23:59:59'::time(0) without time zone, 31, 12, 13),
(14, '00:00:00'::time(0) without time zone, 1, 1, '23:59:59'::time(0) without time zone, 31, 12, 14),
(15, '00:00:00'::time(0) without time zone, 1, 1, '23:59:59'::time(0) without time zone, 31, 12, 15),
(16, '00:00:00'::time(0) without time zone, 1, 1, '23:59:59'::time(0) without time zone, 31, 12, 16);

WITH s AS (
SELECT max(id) AS newid FROM citydb.nrg8_period_of_year)
SELECT setval('citydb.nrg8_period_of_year_id_seq', s.newid, true) FROM s;


TRUNCATE citydb.nrg8_daily_schedule CASCADE;
INSERT INTO citydb.nrg8_daily_schedule(id, day_type, period_of_year_id, time_series_id) VALUES 
( 1, 'WeekDay', 1, 2), 
( 2, 'Saturday', 1, 3), 
( 3, 'Sunday', 1, 4), 
( 4, 'WeekDay', 2, 5), 
( 5, 'Saturday', 2, 6), 
( 6, 'Sunday', 2, 7), 
( 7, 'WeekDay', 3, 8), 
( 8, 'Saturday', 3, 9), 
( 9, 'Sunday', 3, 10), 
(10, 'WeekDay', 4, 11), 
(11, 'Saturday', 4, 12), 
(12, 'Sunday', 4, 13), 
(13, 'WeekDay', 5, 14), 
(14, 'WeekEnd', 5, 15), 
(15, 'WeekDay', 6, 16), 
(16, 'WeekEnd', 6, 17), 
(17, 'WeekDay', 7, 18), 
(18, 'WeekEnd', 7, 19), 
(19, 'WeekDay', 8, 20), 
(20, 'WeekEnd', 8, 21), 
(21, 'TypicalDay', 9, 22), 
(22, 'TypicalDay', 10, 23), 
(23, 'TypicalDay', 11, 24), 
(24, 'TypicalDay', 12, 25), 
(25, 'TypicalDay', 13, 26), 
(26, 'TypicalDay', 14, 27),
(27, 'TypicalDay', 15, 28),
(28, 'TypicalDay', 16, 29);

WITH s AS (
SELECT max(id) AS newid FROM citydb.nrg8_daily_schedule)
SELECT setval('citydb.nrg8_daily_schedule_id_seq', s.newid, true) FROM s;


---
-- Module Material
---
TRUNCATE citydb.nrg8_construction CASCADE;
INSERT INTO citydb.nrg8_construction(id, objectclass_id, gmlid, name, base_constr_id, u_value, u_value_unit)
VALUES
( 1, 212, 'id_construction_ground_1', 'Construction Ground 1',       NULL,1.7,'W/m^2/K'),
( 2, 212, 'id_construction_wall_2', 'Construction Wall 2',           NULL,1.5,'W/m^2/K'),
( 3, 212, 'id_construction_roof_3', 'Construction Roof 3',           NULL,0.9,'W/m^2/K'),
( 4, 212, 'id_construction_iwall_4', 'Construction Internal Wall 4', NULL,1.5,'W/m^2/K'),
( 5, 212, 'id_construction_glazing_5', 'Construction Glazing 5',     NULL,2.2,'W/m^2/K'),
( 6, 212, 'id_construction_door_6', 'Construction Door 6',           NULL,3.0,'W/m^2/K'),
(10, 213, 'id_reverse_construction_iwall_4', 'RevConstr IntWall 4',     4,NULL,NULL),
-- add other test base constructions
(20, 212, 'id_simple_construction_1', 'simple_construction_1',       NULL,3.1,'W/m^2/K'),
(21, 212, 'id_simple_construction_2', 'simple_construction_2',       NULL,4.2,'W/m^2/K'),
(22, 212, 'id_simple_construction_3', 'simple_construction_3',       NULL,1.3,'W/m^2/K'),
(23, 212, 'id_simple_construction_4', 'simple_construction_4',       NULL,3.7,'W/m^2/K'),
-- add other test reverse constructions                                  
(31, 213, 'id_rev_construction_1', 'rev_construction_1',             21  ,NULL,NULL)
;
-- (11, 213, 'id_reverse_construction_glazing_5', 'ReverseConstruction Glazing 5', 5, 1),
-- (12, 213, 'id_reverse_construction_door_6', 'ReverseConstruction Door 6', 6, 1);


WITH s AS (
SELECT max(id) AS newid FROM citydb.nrg8_construction)
SELECT setval('citydb.nrg8_construction_id_seq', s.newid, true) FROM s;



INSERT INTO citydb.nrg8_optical_property(
id, objectclass_id, fraction, range, surf_side, constr_id)
VALUES 
( 1, 263, 0.6, 'Total',    NULL     , 23),
( 2, 261, 0.7, 'Total',    'Outside', 23),
( 3, 262, 0.3, NULL,       'Outside', 23),
( 4, 263, 0.3, 'Infrared', NULL     , 22),
( 5, 261, 0.3, 'Total',    'Inside' , 22),
( 6, 262, 0.4, NULL,       'Outside', 22),
( 7, 263, 0.5, 'Total',    NULL     ,  1),
( 8, 261, 0.6, 'Solar',    'Inside' ,  1),
( 9, 262, 0.3, NULL  ,     'Outside',  1),
(10, 263, 0.3, 'Total',    NULL     ,  2),
(11, 261, 0.5, 'Visible',  'Outside',  2),
(12, 262, 0.4, NULL,       'Outside',  3),
(13, 263, 0.3, 'Total',    NULL     ,  4),
(14, 261, 0.5, 'Visible',  'Outside',  4),
(15, 262, 0.4, NULL,       'Outside',  4)
;

WITH s AS (
SELECT max(id) AS newid FROM citydb.nrg8_optical_property)
SELECT setval('citydb.nrg8_construction_id_seq', s.newid, true) FROM s;


TRUNCATE citydb.nrg8_layer CASCADE;
INSERT INTO citydb.nrg8_layer(id, objectclass_id, gmlid, gmlid_codespace, name, name_codespace, description, pos_nbr, constr_id) VALUES 
(1, 214, 'id_layer_1', NULL, 'Layer 1', NULL, NULL, 1, 1),
(2, 214, 'id_layer_2', NULL, 'Layer 2', NULL, NULL, 1, 2),
(3, 214, 'id_layer_3', NULL, 'Layer 3', NULL, NULL, 1, 3),
(4, 214, 'id_layer_4', NULL, 'Layer 4', NULL, NULL, 1, 4);

WITH s AS (
SELECT max(id) AS newid FROM citydb.nrg8_layer)
SELECT setval('citydb.nrg8_layer_id_seq', s.newid, true) FROM s;


TRUNCATE citydb.nrg8_layer_component CASCADE;
INSERT INTO citydb.nrg8_layer_component(id, objectclass_id, gmlid, gmlid_codespace, name, name_codespace, description, area_fr, thickness, thickness_unit, start_of_life, life_expect_value, life_expect_value_unit, main_maint_interval, main_maint_interval_unit, layer_id) VALUES 
( 1, 215, 'id_layercomponent_1', '', 'Layer Component 1', '', '', 1, 40, 'mm', NULL, NULL,NULL, NULL, NULL, 1),
( 2, 215, 'id_layercomponent_2', '', 'Layer Component 2', '', '', 1, 45, 'mm', NULL, NULL,NULL, NULL, NULL, 1),
( 3, 215, 'id_layercomponent_3', '', 'Layer Component 3', '', '', 1, 80, 'mm', NULL, NULL,NULL, NULL, NULL, 1),
( 4, 215, 'id_layercomponent_4', '', 'Layer Component 4', '', '', 1, 5, 'mm', NULL, NULL,NULL, NULL, NULL, 1),
( 5, 215, 'id_layercomponent_5', '', 'Layer Component 5', '', '', 1, 300, 'mm', NULL, NULL,NULL, NULL, NULL, 1),
( 6, 215, 'id_layercomponent_6', '', 'Layer Component 6', '', '', 1, 10, 'mm', NULL, NULL,NULL, NULL, NULL, 2),
( 7, 215, 'id_layercomponent_7', '', 'Layer Component 7', '', '', 1, 300, 'mm', NULL, NULL,NULL, NULL, NULL, 2),
( 8, 215, 'id_layercomponent_8', '', 'Layer Component 8', '', '', 1, 80, 'mm', NULL, NULL,NULL, NULL, NULL, 2),
( 9, 215, 'id_layercomponent_9', '', 'Layer Component 9', '', '', 1, 20, 'mm', NULL, NULL,NULL, NULL, NULL, 2),
(10, 215, 'id_layercomponent_10', '', 'Layer Component 10', '', '', 1, 10, 'mm', NULL, NULL,NULL, NULL, NULL, 3),
(11, 215, 'id_layercomponent_11', '', 'Layer Component 11', '', '', 1, 200, 'mm', NULL, NULL,NULL, NULL, NULL, 3),
(12, 215, 'id_layercomponent_12', '', 'Layer Component 12', '', '', 1, 120, 'mm', NULL, NULL,NULL, NULL, NULL, 3),
(13, 215, 'id_layercomponent_13', '', 'Layer Component 13', '', '', 1, 5, 'mm', NULL, NULL,NULL, NULL, NULL, 3),
(14, 215, 'id_layercomponent_14', '', 'Layer Component 14', '', '', 1, 10, 'mm', NULL, NULL,NULL, NULL, NULL, 4),
(15, 215, 'id_layercomponent_15', '', 'Layer Component 15', '', '', 1, 200, 'mm', NULL, NULL,NULL, NULL, NULL, 4),
(16, 215, 'id_layercomponent_16', '', 'Layer Component 16', '', '', 1, 120, 'mm', NULL, NULL,NULL, NULL, NULL, 4);

WITH s AS (
SELECT max(id) AS newid FROM citydb.nrg8_layer_component)
SELECT setval('citydb.nrg8_layer_component_id_seq', s.newid, true) FROM s;

TRUNCATE citydb.nrg8_material CASCADE;
INSERT INTO citydb.nrg8_material(id, objectclass_id, gmlid, gmlid_codespace, name, name_codespace, description, is_ventilated, r_value, r_value_unit, density, density_unit, specific_heat, specific_heat_unit, conductivity, conductivity_unit, permeance, permeance_unit, porosity, embodied_carbon, embodied_carbon_unit, embodied_nrg, embodied_nrg_unit, layer_component_id) VALUES 
( 1, 218, 'id_material_1', '', 'Material 1 (Bodenbelag)', '', '', 0, NULL, NULL, 2500, 'kg/m^3', 0.9, 'J/(kg*K)', 3.5, 'W/(K*m)', 0.9, 'xxx', 0.05, NULL, NULL, NULL, NULL, 1),
( 2, 218, 'id_material_2', '', 'Material 2 (Mörtelbett)', '', '', 0, NULL, NULL, 2000, 'kg/m^3', 0.9, 'J/(kg*K)', 1.4, 'W/(K*m)', 0.9, 'xxx', 0.1, NULL, NULL, NULL, NULL, 2),
( 3, 218, 'id_material_3', '', 'Material 3 (Wärmedämmung)', '', '', 0, NULL, NULL, 20, 'kg/m^3', 0.9, 'J/(kg*K)', 0.04, 'W/(K*m)', 0.9, 'xxx', 0.01, NULL, NULL, NULL, NULL, 3),
( 4, 218, 'id_material_4', '', 'Material 4 (Abdichtung)', '', '', 0, NULL, NULL, 1100, 'kg/m^3', 0.9, 'J/(kg*K)', 0.23, 'W/(K*m)', 0.9, 'xxx', 0.01, NULL, NULL, NULL, NULL, 4),
( 5, 218, 'id_material_5', '', 'Material 5 (Stahlbeton)', '', '', 0, NULL, NULL, 2300, 'kg/m^3', 0.9, 'J/(kg*K)', 2.3, 'W/(K*m)', 0.9, 'xxx', 0.1, NULL, NULL, NULL, NULL, 5),
( 6, 218, 'id_material_6', '', 'Material 6 (Innenputz)', '', '', 0, NULL, NULL, 1400, 'kg/m^3', 0.9, 'J/(kg*K)', 0.7, 'W/(K*m)', 0.9, 'xxx', 0.05, NULL, NULL, NULL, NULL, 6),
( 7, 218, 'id_material_7', '', 'Material 7 (Vollbackstein)', '', '', 0, NULL, NULL, 1800, 'kg/m^3', 0.9, 'J/(kg*K)', 0.8, 'W/(K*m)', 0.9, 'xxx', 0.05, NULL, NULL, NULL, NULL, 7),
( 8, 218, 'id_material_8', '', 'Material 8 (Wärmedämmung)', '', '', 0, NULL, NULL, 20, 'kg/m^3', 0.9, 'J/(kg*K)', 0.035, 'W/(K*m)', 0.9, 'xxx', 0.01, NULL, NULL, NULL, NULL, 8),
( 9, 218, 'id_material_9', '', 'Material 9 (Außenputz)', '', '', 0, NULL, NULL, 1800, 'kg/m^3', 0.9, 'J/(kg*K)', 0.87, 'W/(K*m)', 0.9, 'xxx', 0.05, NULL, NULL, NULL, NULL, 9),
(10, 218, 'id_material_10', '', 'Material 10 (Innenputz)', '', '', 0, NULL, NULL, 1400, 'kg/m^3', 0.9, 'J/(kg*K)', 0.7, 'W/(K*m)', 0.9, 'xxx', 0.05, NULL, NULL, NULL, NULL, 10),
(11, 218, 'id_material_11', '', 'Material 11 (Stahlbeton)', '', '', 0, NULL, NULL, 2400, 'kg/m^3', 0.9, 'J/(kg*K)', 2.3, 'W/(K*m)', 0.9, 'xxx', 0.1, NULL, NULL, NULL, NULL, 11),
(12, 218, 'id_material_12', '', 'Material 12 (Wärmedämmung)', '', '', 0, NULL, NULL, 110, 'kg/m^3', 0.9, 'J/(kg*K)', 0.04, 'W/(K*m)', 0.9, 'xxx', 0.01, NULL, NULL, NULL, NULL, 12),
(13, 218, 'id_material_13', '', 'Material 13 (Abdichtung)', '', '', 0, NULL, NULL, 1100, 'kg/m^3', 0.9, 'J/(kg*K)', 0.23, 'W/(K*m)', 0.9, 'xxx', 0.05, NULL, NULL, NULL, NULL, 13),
(14, 218, 'id_material_14', '', 'Material 14 (Innenputz)', '', '', 0, NULL, NULL, 1400, 'kg/m^3', 0.9, 'J/(kg*K)', 0.7, 'W/(K*m)', 0.9, 'xxx', 0.05, NULL, NULL, NULL, NULL, 14),
(15, 218, 'id_material_15', '', 'Material 15 (Vollbackstein)', '', '', 0, NULL, NULL, 1800, 'kg/m^3', 0.9, 'J/(kg*K)', 0.8, 'W/(K*m)', 0.9, 'xxx', 0.05, NULL, NULL, NULL, NULL, 15),
(16, 218, 'id_material_16', '', 'Material 16 (Innenputz)', '', '', 0, NULL, NULL, 1400, 'kg/m^3', 0.9, 'J/(kg*K)', 0.7, 'W/(K*m)', 0.9, 'xxx', 0.05, NULL, NULL, NULL, NULL, 16);

WITH s AS (
SELECT max(id) AS newid FROM citydb.nrg8_material)
SELECT setval('citydb.nrg8_material_id_seq', s.newid, true) FROM s;

---
-- Module Building Physics
---

-- Data for THERMAL_ZONE
INSERT INTO citydb.cityobject(id, objectclass_id, gmlid, gmlid_codespace, name, name_codespace,
 description)
VALUES 
(26, 221, 'id_thermalzone_1', NULL, 'Thermal Zone 1', NULL, 'Thermal Zone 1'),
(27, 221, 'id_thermalzone_2', NULL, 'Thermal Zone 2', NULL, 'Thermal Zone 2'),
(28, 221, 'id_thermalzone_3', NULL, 'Thermal Zone 3', NULL, 'Thermal Zone 3'),
(29, 221, 'id_thermalzone_4', NULL, 'Thermal Zone 4', NULL, 'Thermal Zone 4');

TRUNCATE citydb.nrg8_thermal_zone CASCADE;
INSERT INTO citydb.nrg8_thermal_zone(id, objectclass_id, add_therm_bridge_uvalue, 
add_therm_bridge_uvalue_unit, eff_therm_capacity, eff_therm_capacity_unit, ind_heated_area_ratio,
 infiltr_rate, infiltr_rate_unit, is_cooled, is_heated, building_id, solid_id, multi_surf_geom) VALUES
(26, 221, 1, 'W/(K*m^2)', 1, 'Wh/K', 0, 3, '1/h', 1, 1, 1, NULL, 'SRID=31256;MULTIPOLYGON(((0 0 10,5 0 10,5 10 15,0 10 15,0 0 10)))'::geometry),
(27, 221, 1, 'W/(K*m^2)', 1, 'Wh/K', 0, 3, '1/h', 1, 1, 1, NULL, 'SRID=31256;MULTIPOLYGON(((0 0 10,5 0 10,5 10 15,0 10 15,0 0 10)))'::geometry),
(28, 221, 1, 'W/(K*m^2)', 1, 'Wh/K', 0, 3, '1/h', 0, 1, 1, NULL, 'SRID=31256;MULTIPOLYGON(((0 0 10,5 0 10,5 10 15,0 10 15,0 0 10)))'::geometry),
(29, 221, 1, 'W/(K*m^2)', 1, 'Wh/K', 0, 3, '1/h', 0, 1, 1, NULL, 'SRID=31256;MULTIPOLYGON(((0 0 10,5 0 10,5 10 15,0 10 15,0 0 10)))'::geometry);

-- Data for THERMAL_BOUNDARY
INSERT INTO citydb.cityobject(id, objectclass_id, gmlid, gmlid_codespace, name, name_codespace,
 description, envelope, creation_date, termination_date, relative_to_terrain, relative_to_water,
 last_modification_date, updating_person, reason_for_update, lineage, xml_source) VALUES 
(30, 222, 'id_ceiling_thermalboundary_1', NULL, 'Ceiling Thermal Boundary 1', NULL, 'Ceiling Thermal Boundary 1', NULL, NULL, NULL, NULL, NULL, NULL, NULL, NULL, NULL, NULL),
(31, 222, 'id_floor_thermalboundary_1', NULL, 'Floor Thermal Boundary 1', NULL, 'Floor Thermal Boundary 1', NULL, NULL, NULL, NULL, NULL, NULL, NULL, NULL, NULL, NULL),
(32, 222, 'id_wall_thermalboundary_1s', NULL, 'Wall Thermal Boundary 1s', NULL, 'Wall Thermal Boundary 1s', NULL, NULL, NULL, NULL, NULL, NULL, NULL, NULL, NULL, NULL),
(33, 222, 'id_wall_thermalboundary_1n', NULL, 'Wall Thermal Boundary 1n', NULL, 'Wall Thermal Boundary 1n', NULL, NULL, NULL, NULL, NULL, NULL, NULL, NULL, NULL, NULL),
(34, 222, 'id_wall_thermalboundary_1w', NULL, 'Wall Thermal Boundary 1w', NULL, 'Wall Thermal Boundary 1w', NULL, NULL, NULL, NULL, NULL, NULL, NULL, NULL, NULL, NULL),
(35, 222, 'id_wall_thermalboundary_1ie', NULL, 'Wall Thermal Boundary 1ie', NULL, 'Wall Thermal Boundary 1ie', NULL, NULL, NULL, NULL, NULL, NULL, NULL, NULL, NULL, NULL),
(36, 222, 'id_floor_thermalboundary_2', NULL, 'Floor Thermal Boundary 2', NULL, 'Floor Thermal Boundary 2', NULL, NULL, NULL, NULL, NULL, NULL, NULL, NULL, NULL, NULL),
(37, 222, 'id_ceiling_thermalboundary_2', NULL, 'Ceiling Thermal Boundary 2', NULL, 'Ceiling Thermal Boundary 2', NULL, NULL, NULL, NULL, NULL, NULL, NULL, NULL, NULL, NULL),
(38, 222, 'id_wall_thermalboundary_2n', NULL, 'Wall Thermal Boundary 2n', NULL, 'Wall Thermal Boundary 2n', NULL, NULL, NULL, NULL, NULL, NULL, NULL, NULL, NULL, NULL),
(39, 222, 'id_wall_thermalboundary_2s', NULL, 'Wall Thermal Boundary 2s', NULL, 'Wall Thermal Boundary 2s', NULL, NULL, NULL, NULL, NULL, NULL, NULL, NULL, NULL, NULL),
(40, 222, 'id_wall_thermalboundary_2iw', NULL, 'Wall Thermal Boundary 2iw', NULL, 'Wall Thermal Boundary 2iw', NULL, NULL, NULL, NULL, NULL, NULL, NULL, NULL, NULL, NULL),
(41, 222, 'id_wall_thermalboundary_2e', NULL, 'Wall Thermal Boundary 2e', NULL, 'Wall Thermal Boundary 2e', NULL, NULL, NULL, NULL, NULL, NULL, NULL, NULL, NULL, NULL),
(42, 222, 'id_floor_thermalboundary_31', NULL, 'Floor Thermal Boundary 31', NULL, 'Floor Thermal Boundary 31', NULL, NULL, NULL, NULL, NULL, NULL, NULL, NULL, NULL, NULL),
(43, 222, 'id_floor_thermalboundary_32', NULL, 'Floor Thermal Boundary 32', NULL, 'Floor Thermal Boundary 32', NULL, NULL, NULL, NULL, NULL, NULL, NULL, NULL, NULL, NULL),
(44, 222, 'id_ceiling_thermalboundary_3', NULL, 'Ceiling Thermal Boundary 3', NULL, 'Ceiling Thermal Boundary 3', NULL, NULL, NULL, NULL, NULL, NULL, NULL, NULL, NULL, NULL),
(45, 222, 'id_wall_thermalboundary_3w', NULL, 'Wall Thermal Boundary 3w', NULL, 'Wall Thermal Boundary 3w', NULL, NULL, NULL, NULL, NULL, NULL, NULL, NULL, NULL, NULL),
(46, 222, 'id_wall_thermalboundary_3e', NULL, 'Wall Thermal Boundary 3e', NULL, 'Wall Thermal Boundary 3e', NULL, NULL, NULL, NULL, NULL, NULL, NULL, NULL, NULL, NULL),
(47, 222, 'id_wall_thermalboundary_3s', NULL, 'Wall Thermal Boundary 3s', NULL, 'Wall Thermal Boundary 3s', NULL, NULL, NULL, NULL, NULL, NULL, NULL, NULL, NULL, NULL),
(48, 222, 'id_wall_thermalboundary_3n', NULL, 'Wall Thermal Boundary 3n', NULL, 'Wall Thermal Boundary 3n', NULL, NULL, NULL, NULL, NULL, NULL, NULL, NULL, NULL, NULL),
(49, 222, 'id_floor_thermalboundary_4', NULL, 'Floor Thermal Boundary 4', NULL, 'Floor Thermal Boundary 4', NULL, NULL, NULL, NULL, NULL, NULL, NULL, NULL, NULL, NULL),
(50, 222, 'id_ceiling_thermalboundary_4w', NULL, 'Ceiling Thermal Boundary 4w', NULL, 'Ceiling Thermal Boundary 4w', NULL, NULL, NULL, NULL, NULL, NULL, NULL, NULL, NULL, NULL),
(51, 222, 'id_ceiling_thermalboundary_4e', NULL, 'Ceiling Thermal Boundary 4e', NULL, 'Ceiling Thermal Boundary 4e', NULL, NULL, NULL, NULL, NULL, NULL, NULL, NULL, NULL, NULL),
(52, 222, 'id_wall_thermalboundary_4s', NULL, 'Wall Thermal Boundary 4s', NULL, 'FloWall Thermal Boundary 4s', NULL, NULL, NULL, NULL, NULL, NULL, NULL, NULL, NULL, NULL),
(53, 222, 'id_wall_thermalboundary_4n', NULL, 'Wall Thermal Boundary 4n', NULL, 'Wall Thermal Boundary 4n', NULL, NULL, NULL, NULL, NULL, NULL, NULL, NULL, NULL, NULL),
(54, 222, 'id_wall_thermalboundary_4w', NULL, 'Wall Thermal Boundary 4w', NULL, 'Wall Thermal Boundary 4w', NULL, NULL, NULL, NULL, NULL, NULL, NULL, NULL, NULL, NULL),
(55, 222, 'id_wall_thermalboundary_4e', NULL, 'Wall Thermal Boundary 4e', NULL, 'Wall Thermal Boundary 4e', NULL, NULL, NULL, NULL, NULL, NULL, NULL, NULL, NULL, NULL);

-- TODO: Check if therm_zone1_id and therm_zone2_id are OK
TRUNCATE citydb.nrg8_thermal_boundary CASCADE;
INSERT INTO citydb.nrg8_thermal_boundary(id, objectclass_id, type, azimuth, azimuth_unit,
 inclination, inclination_unit, area, area_unit,
 therm_zone1_id, therm_zone2_id, multi_surf_id, multi_surf_geom) VALUES
(30, 222, 'IntermediaryFloor', -1, 'degrees', 0, 'degrees', 50, 'm^2',    26, 28, NULL, 'SRID=31256;MULTIPOLYGON(((0 0 10,5 0 10,5 10 15,0 10 15,0 0 10)))'::geometry),  -- id_ceiling_thermalboundary_1 
(31, 222, 'GroundSlab', -1, 'degrees', 0, 'degrees', 50, 'm^2',        26, NULL, NULL, 'SRID=31256;MULTIPOLYGON(((0 0 10,5 0 10,5 10 15,0 10 15,0 0 10)))'::geometry),  -- id_floor_thermalboundary_1
(32, 222, 'OuterWall', 180, 'degrees', 90, 'degrees', 20, 'm^2',          26, NULL, NULL, 'SRID=31256;MULTIPOLYGON(((0 0 10,5 0 10,5 10 15,0 10 15,0 0 10)))'::geometry),  -- id_wall_thermalboundary_1s
(33, 222, 'OuterWall', 0, 'degrees', 90, 'degrees', 20, 'm^2',            26, NULL, NULL, 'SRID=31256;MULTIPOLYGON(((0 0 10,5 0 10,5 10 15,0 10 15,0 0 10)))'::geometry),  -- id_wall_thermalboundary_1n
(34, 222, 'OuterWall', 270, 'degrees', 90, 'degrees', 40, 'm^2',          26, NULL, NULL, 'SRID=31256;MULTIPOLYGON(((0 0 10,5 0 10,5 10 15,0 10 15,0 0 10)))'::geometry),  -- id_wall_thermalboundary_1w
(35, 222, 'InteriorWall', 90, 'degrees', 90, 'degrees', 40, 'm^2',        26, 27, NULL, 'SRID=31256;MULTIPOLYGON(((0 0 10,5 0 10,5 10 15,0 10 15,0 0 10)))'::geometry),  -- id_wall_thermalboundary_1ie
(36, 222, 'GroundSlab', -1, 'degrees', 0, 'degrees', 50, 'm^2',        27, NULL, NULL, 'SRID=31256;MULTIPOLYGON(((0 0 10,5 0 10,5 10 15,0 10 15,0 0 10)))'::geometry),  -- id_floor_thermalboundary_2
(37, 222, 'IntermediaryFloor', -1, 'degrees', 0, 'degrees', 50, 'm^2',  27, 28, NULL, 'SRID=31256;MULTIPOLYGON(((0 0 10,5 0 10,5 10 15,0 10 15,0 0 10)))'::geometry),  -- id_ceiling_thermalboundary_2
(38, 222, 'OuterWall', 0, 'degrees', 90, 'degrees', 20, 'm^2',            27, NULL, NULL, 'SRID=31256;MULTIPOLYGON(((0 0 10,5 0 10,5 10 15,0 10 15,0 0 10)))'::geometry),  -- id_wall_thermalboundary_2n
(39, 222, 'OuterWall', 180, 'degrees', 90, 'degrees', 20, 'm^2',          27, NULL, NULL, 'SRID=31256;MULTIPOLYGON(((0 0 10,5 0 10,5 10 15,0 10 15,0 0 10)))'::geometry),  -- id_wall_thermalboundary_2s
(40, 222, 'InteriorWall', 270, 'degrees', 90, 'degrees', 40, 'm^2',       27, 26, NULL, 'SRID=31256;MULTIPOLYGON(((0 0 10,5 0 10,5 10 15,0 10 15,0 0 10)))'::geometry),  -- id_wall_thermalboundary_2iw
(41, 222, 'OuterWall', 90, 'degrees', 90, 'degrees', 40, 'm^2',           27, NULL, NULL, 'SRID=31256;MULTIPOLYGON(((0 0 10,5 0 10,5 10 15,0 10 15,0 0 10)))'::geometry),  -- id_wall_thermalboundary_2e
(42, 222, 'IntermediaryFloor', -1, 'degrees', 0, 'degrees', 50, 'm^2',    28,  26, NULL, 'SRID=31256;MULTIPOLYGON(((0 0 10,5 0 10,5 10 15,0 10 15,0 0 10)))'::geometry),  -- id_floor_thermalboundary_31
(43, 222, 'IntermediaryFloor', -1, 'degrees', 0, 'degrees', 50, 'm^2',    28,  27, NULL, 'SRID=31256;MULTIPOLYGON(((0 0 10,5 0 10,5 10 15,0 10 15,0 0 10)))'::geometry),  -- id_floor_thermalboundary_32
(44, 222, 'IntermediaryFloor', -1, 'degrees', 0, 'degrees', 100, 'm^2', 28,  29, NULL, 'SRID=31256;MULTIPOLYGON(((0 0 10,5 0 10,5 10 15,0 10 15,0 0 10)))'::geometry),  -- id_ceiling_thermalboundary_3
(45, 222, 'OuterWall', 270, 'degrees', 90, 'degrees', 40, 'm^2',          28, NULL, NULL, 'SRID=31256;MULTIPOLYGON(((0 0 10,5 0 10,5 10 15,0 10 15,0 0 10)))'::geometry),  -- id_wall_thermalboundary_3w
(46, 222, 'OuterWall', 90, 'degrees', 90, 'degrees', 40, 'm^2',           28, NULL, NULL, 'SRID=31256;MULTIPOLYGON(((0 0 10,5 0 10,5 10 15,0 10 15,0 0 10)))'::geometry),  -- id_wall_thermalboundary_3e
(47, 222, 'OuterWall', 180, 'degrees', 90, 'degrees', 40, 'm^2',          28, NULL, NULL, 'SRID=31256;MULTIPOLYGON(((0 0 10,5 0 10,5 10 15,0 10 15,0 0 10)))'::geometry),  -- id_wall_thermalboundary_3s
(48, 222, 'OuterWall', 0, 'degrees', 90, 'degrees', 40, 'm^2',            28, NULL, NULL, 'SRID=31256;MULTIPOLYGON(((0 0 10,5 0 10,5 10 15,0 10 15,0 0 10)))'::geometry),  -- id_wall_thermalboundary_3n
(49, 222, 'IntermediaryFloor', -1, 'degrees', 0, 'degrees', 100, 'm^2',   29, 28, NULL, 'SRID=31256;MULTIPOLYGON(((0 0 10,5 0 10,5 10 15,0 10 15,0 0 10)))'::geometry),  -- id_floor_thermalboundary_4
(50, 222, 'Roof', 270, 'degrees', 45, 'degrees', 70.71, 'm^2',            29, NULL, NULL, 'SRID=31256;MULTIPOLYGON(((0 0 10,5 0 10,5 10 15,0 10 15,0 0 10)))'::geometry),  -- id_ceiling_thermalboundary_4w
(51, 222, 'Roof', 90, 'degrees', 45, 'degrees', 70.71, 'm^2',             29, NULL, NULL, 'SRID=31256;MULTIPOLYGON(((0 0 10,5 0 10,5 10 15,0 10 15,0 0 10)))'::geometry),  -- id_ceiling_thermalboundary_4e
(52, 222, 'OuterWall', 180, 'degrees', 90, 'degrees', 45, 'm^2',          29, NULL, NULL, 'SRID=31256;MULTIPOLYGON(((0 0 10,5 0 10,5 10 15,0 10 15,0 0 10)))'::geometry),  -- id_wall_thermalboundary_4s
(53, 222, 'OuterWall', 0, 'degrees', 90, 'degrees', 45, 'm^2',            29, NULL, NULL, 'SRID=31256;MULTIPOLYGON(((0 0 10,5 0 10,5 10 15,0 10 15,0 0 10)))'::geometry),  -- id_wall_thermalboundary_4n
(54, 222, 'OuterWall', 270, 'degrees', 90, 'degrees', 20, 'm^2',          29, NULL, NULL, 'SRID=31256;MULTIPOLYGON(((0 0 10,5 0 10,5 10 15,0 10 15,0 0 10)))'::geometry),  -- id_wall_thermalboundary_4w
(55, 222, 'OuterWall', 90, 'degrees', 90, 'degrees', 20, 'm^2',           29, NULL, NULL, 'SRID=31256;MULTIPOLYGON(((0 0 10,5 0 10,5 10 15,0 10 15,0 0 10)))'::geometry);  -- id_wall_thermalboundary_4e

-- Data for THERMAL_OPENING
INSERT INTO citydb.cityobject(id, objectclass_id, gmlid, gmlid_codespace, name, name_codespace, description, envelope, 
creation_date, termination_date, relative_to_terrain, relative_to_water, last_modification_date, updating_person, 
reason_for_update, lineage, xml_source) VALUES 
( 57, 223, 'id_thermal_opening_win_4rw', NULL, 'thermal_opening_win_4rw', NULL, 'description', NULL, NULL, NULL, NULL, NULL, NULL, NULL, NULL, NULL, NULL),
( 58, 223, 'id_thermal_opening_win_3bs', NULL, 'thermal_opening_win_3bs', NULL, 'description', NULL, NULL, NULL, NULL, NULL, NULL, NULL, NULL, NULL, NULL),
( 56, 223, 'id_thermal_opening_win_4bs', NULL, 'thermal_opening_win_4bs', NULL, 'description', NULL, NULL, NULL, NULL, NULL, NULL, NULL, NULL, NULL, NULL),
( 59, 223, 'id_thermal_opening_win_4as', NULL, 'thermal_opening_win_4as', NULL, 'description', NULL, NULL, NULL, NULL, NULL, NULL, NULL, NULL, NULL, NULL),
( 60, 223, 'id_thermal_opening_win_3as', NULL, 'thermal_opening_win_3as', NULL, 'description', NULL, NULL, NULL, NULL, NULL, NULL, NULL, NULL, NULL, NULL),
( 61, 223, 'id_thermal_opening_win_1s' , NULL, 'thermal_opening_win_1s' , NULL, 'description', NULL, NULL, NULL, NULL, NULL, NULL, NULL, NULL, NULL, NULL),
( 62, 223, 'id_thermal_opening_win_2s' , NULL, 'thermal_opening_win_2s' , NULL, 'description', NULL, NULL, NULL, NULL, NULL, NULL, NULL, NULL, NULL, NULL),
( 63, 223, 'id_thermal_opening_win_2be', NULL, 'thermal_opening_win_2be', NULL, 'description', NULL, NULL, NULL, NULL, NULL, NULL, NULL, NULL, NULL, NULL),
( 64, 223, 'id_thermal_opening_win_3be', NULL, 'thermal_opening_win_3be', NULL, 'description', NULL, NULL, NULL, NULL, NULL, NULL, NULL, NULL, NULL, NULL),
( 65, 223, 'id_thermal_opening_win_2ae', NULL, 'thermal_opening_win_2ae', NULL, 'description', NULL, NULL, NULL, NULL, NULL, NULL, NULL, NULL, NULL, NULL),
(165, 223, 'id_thermal_opening_win_3ae', NULL, 'thermal_opening_win_3ae', NULL, 'description', NULL, NULL, NULL, NULL, NULL, NULL, NULL, NULL, NULL, NULL),
( 66, 223, 'id_thermal_opening_win_1aw', NULL, 'thermal_opening_win_1aw', NULL, 'description', NULL, NULL, NULL, NULL, NULL, NULL, NULL, NULL, NULL, NULL),
( 67, 223, 'id_thermal_opening_win_3bw', NULL, 'thermal_opening_win_3bw', NULL, 'description', NULL, NULL, NULL, NULL, NULL, NULL, NULL, NULL, NULL, NULL),
( 68, 223, 'id_thermal_opening_win_1bw', NULL, 'thermal_opening_win_1bw', NULL, 'description', NULL, NULL, NULL, NULL, NULL, NULL, NULL, NULL, NULL, NULL),
( 69, 223, 'id_thermal_opening_win_3aw', NULL, 'thermal_opening_win_3aw', NULL, 'description', NULL, NULL, NULL, NULL, NULL, NULL, NULL, NULL, NULL, NULL),
( 70, 223, 'id_thermal_opening_door_1' ,  NULL, 'thermal_opening_door_1',  NULL, 'description', NULL, NULL, NULL, NULL, NULL, NULL, NULL, NULL, NULL, NULL),
( 71, 223, 'id_thermal_opening_door_2' ,  NULL, 'thermal_opening_door_2',  NULL, 'description', NULL, NULL, NULL, NULL, NULL, NULL, NULL, NULL, NULL, NULL);

TRUNCATE citydb.nrg8_thermal_opening CASCADE;
INSERT INTO citydb.nrg8_thermal_opening(id, objectclass_id, area, area_unit, openable_ratio, in_shad_name, in_shad_max_cover_ratio,
 in_shad_transmission, in_shad_transmission_range, out_shad_name, out_shad_max_cover_ratio, out_shad_transmittance, out_shad_transmittance_range,
  therm_boundary_id, multi_surf_id, multi_surf_geom) VALUES 
( 57, 223, 4, 'm^2', 0.9, 'Curtain', 0.5, 0.8, 'Total', 'Rolling shutter', 1, 0, 'Total',  54, NULL, 'SRID=31256;MULTIPOLYGON(((0 0 10,5 0 10,5 10 15,0 10 15,0 0 10)))'::geometry),	-- id_thermal_opening_win_4rw
( 58, 223, 4, 'm^2', 0.9, 'Curtain', 0.5, 0.8, 'Total', 'Rolling shutter', 1, 0, 'Total',  47, NULL, 'SRID=31256;MULTIPOLYGON(((0 0 10,5 0 10,5 10 15,0 10 15,0 0 10)))'::geometry), -- id_thermal_opening_win_3bs
( 56, 223, 4, 'm^2', 0.9, 'Curtain', 0.5, 0.8, 'Total', 'Rolling shutter', 1, 0, 'Total',  52, NULL, 'SRID=31256;MULTIPOLYGON(((0 0 10,5 0 10,5 10 15,0 10 15,0 0 10)))'::geometry), -- id_thermal_opening_win_4bs
( 59, 223, 4, 'm^2', 0.9, 'Curtain', 0.5, 0.8, 'Total', 'Rolling shutter', 1, 0, 'Total',  52, NULL, 'SRID=31256;MULTIPOLYGON(((0 0 10,5 0 10,5 10 15,0 10 15,0 0 10)))'::geometry), -- id_thermal_opening_win_4as
( 60, 223, 4, 'm^2', 0.9, 'Curtain', 0.5, 0.8, 'Total', 'Rolling shutter', 1, 0, 'Total',  47, NULL, 'SRID=31256;MULTIPOLYGON(((0 0 10,5 0 10,5 10 15,0 10 15,0 0 10)))'::geometry), -- id_thermal_opening_win_3as
( 61, 223, 4, 'm^2', 0.9, 'Curtain', 0.5, 0.8, 'Total', 'Rolling shutter', 1, 0, 'Total',  32, NULL, 'SRID=31256;MULTIPOLYGON(((0 0 10,5 0 10,5 10 15,0 10 15,0 0 10)))'::geometry), -- id_thermal_opening_win_1s 
( 62, 223, 4, 'm^2', 0.9, 'Curtain', 0.5, 0.8, 'Total', 'Rolling shutter', 1, 0, 'Total',  39, NULL, 'SRID=31256;MULTIPOLYGON(((0 0 10,5 0 10,5 10 15,0 10 15,0 0 10)))'::geometry), -- id_thermal_opening_win_2s 
( 63, 223, 4, 'm^2', 0.9, 'Curtain', 0.5, 0.8, 'Total', 'Rolling shutter', 1, 0, 'Total',  41, NULL, 'SRID=31256;MULTIPOLYGON(((0 0 10,5 0 10,5 10 15,0 10 15,0 0 10)))'::geometry), -- id_thermal_opening_win_2be
( 64, 223, 4, 'm^2', 0.9, 'Curtain', 0.5, 0.8, 'Total', 'Rolling shutter', 1, 0, 'Total',  46, NULL, 'SRID=31256;MULTIPOLYGON(((0 0 10,5 0 10,5 10 15,0 10 15,0 0 10)))'::geometry), -- id_thermal_opening_win_3be
( 65, 223, 5, 'm^2', 0.9, 'Curtain', 0.5, 0.8, 'Total', 'Rolling shutter', 1, 0, 'Total',  41, NULL, 'SRID=31256;MULTIPOLYGON(((0 0 10,5 0 10,5 10 15,0 10 15,0 0 10)))'::geometry), -- id_thermal_opening_win_2ae
(165, 223, 6, 'm^2', 0.9, 'Curtain', 0.5, 0.8, 'Total', 'Rolling shutter', 1, 0, 'Total',  46, NULL, 'SRID=31256;MULTIPOLYGON(((0 0 10,5 0 10,5 10 15,0 10 15,0 0 10)))'::geometry), -- id_thermal_opening_win_3ae
( 66, 223, 3, 'm^2', 0.9, 'Curtain', 0.5, 0.8, 'Total', 'Rolling shutter', 1, 0, 'Total',  34, NULL, 'SRID=31256;MULTIPOLYGON(((0 0 10,5 0 10,5 10 15,0 10 15,0 0 10)))'::geometry), -- id_thermal_opening_win_1aw
( 67, 223, 4, 'm^2', 0.9, 'Curtain', 0.5, 0.8, 'Total', 'Rolling shutter', 1, 0, 'Total',  45, NULL, 'SRID=31256;MULTIPOLYGON(((0 0 10,5 0 10,5 10 15,0 10 15,0 0 10)))'::geometry), -- id_thermal_opening_win_3bw
( 68, 223, 5, 'm^2', 0.9, 'Curtain', 0.5, 0.8, 'Total', 'Rolling shutter', 1, 0, 'Total',  34, NULL, 'SRID=31256;MULTIPOLYGON(((0 0 10,5 0 10,5 10 15,0 10 15,0 0 10)))'::geometry), -- id_thermal_opening_win_1bw
( 69, 223, 3, 'm^2', 0.9, 'Curtain', 0.5, 0.8, 'Total', 'Rolling shutter', 1, 0, 'Total',  45, NULL, 'SRID=31256;MULTIPOLYGON(((0 0 10,5 0 10,5 10 15,0 10 15,0 0 10)))'::geometry), -- id_thermal_opening_win_3aw
( 70, 223, 2, 'm^2', NULL, NULL, NULL, NULL, NULL, NULL, NULL, NULL, NULL,                 32, NULL, 'SRID=31256;MULTIPOLYGON(((0 0 10,5 0 10,5 10 15,0 10 15,0 0 10)))'::geometry), -- id_thermal_opening_door_1 
( 71, 223, 2, 'm^2', NULL, NULL, NULL, NULL, NULL, NULL, NULL, NULL, NULL,                 39, NULL, 'SRID=31256;MULTIPOLYGON(((0 0 10,5 0 10,5 10 15,0 10 15,0 0 10)))'::geometry); -- id_thermal_opening_door_2 

---
-- Module Occupancy
---

-- Data for USAGE_ZONE
INSERT INTO citydb.cityobject(id, objectclass_id, gmlid, gmlid_codespace, name, name_codespace, 
description, envelope, creation_date, termination_date, relative_to_terrain, relative_to_water, 
last_modification_date, updating_person, reason_for_update, lineage, xml_source) VALUES 
(72, 224, 'id_usagezone_1', NULL, 'UsageZone 1', NULL, 'UsageZone 1', NULL, NULL, NULL, NULL, NULL, NULL, NULL, NULL, NULL, NULL),
(73, 224, 'id_usagezone_2', NULL, 'UsageZone 2', NULL, 'UsageZone 2', NULL, NULL, NULL, NULL, NULL, NULL, NULL, NULL, NULL, NULL),
(74, 224, 'id_usagezone_3', NULL, 'UsageZone 3', NULL, 'UsageZone 3', NULL, NULL, NULL, NULL, NULL, NULL, NULL, NULL, NULL, NULL),
(75, 224, 'id_usagezone_4', NULL, 'UsageZone 4', NULL, 'UsageZone 4', NULL, NULL, NULL, NULL, NULL, NULL, NULL, NULL, NULL, NULL);

TRUNCATE citydb.nrg8_usage_zone CASCADE;
INSERT INTO citydb.nrg8_usage_zone(id, objectclass_id, type, type_codespace, used_floors, 
int_gains_tot_value, int_gains_tot_value_unit, int_gains_conv, int_gains_lat, int_gains_rad, 
heat_sched_id, cool_sched_id, vent_sched_id, therm_zone_id, building_id, solid_id, multi_surf_geom) VALUES
(72, 224, 'Commercial', NULL, 1, 37, 'W/m^2', 0.4, 0.2, 0.4, NULL, NULL, NULL,  26, 1, NULL, 'SRID=31256;MULTIPOLYGON(((0 0 10,5 0 10,5 10 15,0 10 15,0 0 10)))'::geometry), --id_usagezone_1
(73, 224, 'School', NULL, 1, 56, 'W/m^2', 0.5, 0.3, 0.2, NULL, NULL, NULL,      27, 1, NULL, 'SRID=31256;MULTIPOLYGON(((0 0 10,5 0 10,5 10 15,0 10 15,0 0 10)))'::geometry), --id_usagezone_2
(74, 224, 'Residential', NULL, 1, 16, 'W/m^2', 0.3, 0.4, 0.3, NULL, NULL, NULL, 28, 1, NULL, 'SRID=31256;MULTIPOLYGON(((0 0 10,5 0 10,5 10 15,0 10 15,0 0 10)))'::geometry), --id_usagezone_3
(75, 224, 'Residential', NULL, 1, 19, 'W/m^2', 0.8, 0.1, 0.1, NULL, NULL, NULL, 29, 1, NULL, 'SRID=31256;MULTIPOLYGON(((0 0 10,5 0 10,5 10 15,0 10 15,0 0 10)))'::geometry); --id_usagezone_4

-- Data for BUILDING_UNIT
INSERT INTO citydb.cityobject(id, objectclass_id, gmlid, gmlid_codespace, name, name_codespace, 
description, envelope, creation_date, termination_date, relative_to_terrain, relative_to_water, 
last_modification_date, updating_person, reason_for_update, lineage, xml_source) VALUES 
(76, 225, 'id_buildingunit_1', NULL, 'Building Unit 1', NULL, 'Building Unit 1', NULL, NULL, NULL, NULL, NULL, NULL, NULL, NULL, NULL, NULL),
(77, 225, 'id_buildingunit_2', NULL, 'Building Unit 2', NULL, 'Building Unit 2', NULL, NULL, NULL, NULL, NULL, NULL, NULL, NULL, NULL, NULL),
(78, 225, 'id_buildingunit_3', NULL, 'Building Unit 3', NULL, 'Building Unit 3', NULL, NULL, NULL, NULL, NULL, NULL, NULL, NULL, NULL, NULL),
(79, 225, 'id_buildingunit_4', NULL, 'Building Unit 4', NULL, 'Building Unit 4', NULL, NULL, NULL, NULL, NULL, NULL, NULL, NULL, NULL, NULL);

TRUNCATE citydb.nrg8_building_unit CASCADE;
INSERT INTO citydb.nrg8_building_unit(id, objectclass_id, nbr_of_rooms, owner_name, ownership_type, usage_zone_id) VALUES 
(76, 225, 2, 'Lilli''s Donuts', 'OccupantPrivateOwner',                          72), -- id_buildingunit_1
(77, 225, 3, 'Yoda''s Padawan Kindergarten', 'Government',              73), -- id_buildingunit_2
(78, 225, 4, 'Homer & Marge Simpson', 'OccupantPrivateOwner',                    74), -- id_buildingunit_3
(79, 225, 5, 'Calrissian''s Development Ltd.', 'PropertyManagementCompany', 75); -- id_buildingunit_4

-- Data for OCCUPANTS
TRUNCATE citydb.nrg8_occupants CASCADE;
INSERT INTO citydb.nrg8_occupants(id, objectclass_id, gmlid, gmlid_codespace, name, name_codespace, 
description, type, nbr_of_occupants, heat_diss_tot_value, heat_diss_tot_value_unit, 
heat_diss_conv, heat_diss_lat, heat_diss_rad, usage_zone_id, sched_id, building_unit_id) VALUES
(1, 230, 'id_occupants_1', NULL, 'Occupants 1', NULL, 'Occupants 1', 'OthersOrCombination', 10, 80, 'W/person', 0.5, 0.3, 0.2, NULL,  1, 76),
(2, 230, 'id_occupants_2', NULL, 'Occupants 2', NULL, 'Occupants 2', 'Students', 25, 80,            'W/person', 0.6, 0.3, 0.1, NULL,  5, 77),
(3, 230, 'id_occupants_3', NULL, 'Occupants 3', NULL, 'Occupants 3', 'Residents', 3, 80,            'W/person', 0.4, 0.4, 0.2, NULL,  9, 78),
(4, 230, 'id_occupants_4', NULL, 'Occupants 4', NULL, 'Occupants 4', 'Residents', 6, 80,            'W/person', 0.5, 0.3, 0.2, NULL, 13, 79);

-- Data for HOUSEHOLDS
TRUNCATE citydb.nrg8_household CASCADE;
INSERT INTO citydb.nrg8_household(id, objectclass_id, gmlid, gmlid_codespace, name, name_codespace, description,
 type, residence_type, occupants_id) VALUES
(1, 231, 'id_household_3', NULL, 'Household 3', NULL, 'Household 3', 'UnrelatedAdults', 'SecondaryResidence', 3),
(2, 231, 'id_household_4', NULL, 'Household 4', NULL, 'Household 4', 'OneFamily',       'MainResidence',      4);

-- Data for FACILITIES
INSERT INTO citydb.cityobject(id, objectclass_id, gmlid, gmlid_codespace, name, name_codespace, 
description, envelope, creation_date, termination_date, relative_to_terrain, relative_to_water, 
last_modification_date, updating_person, reason_for_update, lineage, xml_source) VALUES 
-- DHWFacilities
(80, 227, 'id_dhwfacilities_1', NULL, 'Domestic Hot Water Facilities 1', NULL, 'Domestic Hot Water Facilities 1', NULL, NULL, NULL, NULL, NULL, NULL, NULL, NULL, NULL, NULL),
(81, 227, 'id_dhwfacilities_2', NULL, 'Domestic Hot Water Facilities 2', NULL, 'Domestic Hot Water Facilities 2', NULL, NULL, NULL, NULL, NULL, NULL, NULL, NULL, NULL, NULL),
(82, 227, 'id_dhwfacilities_3', NULL, 'Domestic Hot Water Facilities 3', NULL, 'Domestic Hot Water Facilities 3', NULL, NULL, NULL, NULL, NULL, NULL, NULL, NULL, NULL, NULL),
(83, 227, 'id_dhwfacilities_4', NULL, 'Domestic Hot Water Facilities 4', NULL, 'Domestic Hot Water Facilities 4', NULL, NULL, NULL, NULL, NULL, NULL, NULL, NULL, NULL, NULL),
-- ElectricalApplicances
(84, 228, 'id_electricalappliance_1', NULL, 'Electrical Applicance 1', NULL, 'Electrical Applicance 1', NULL, NULL, NULL, NULL, NULL, NULL, NULL, NULL, NULL, NULL),
(85, 228, 'id_electricalappliance_2', NULL, 'Electrical Applicance 2', NULL, 'Electrical Applicance 2', NULL, NULL, NULL, NULL, NULL, NULL, NULL, NULL, NULL, NULL),
(86, 228, 'id_electricalappliance_3', NULL, 'Electrical Applicance 3', NULL, 'Electrical Applicance 3', NULL, NULL, NULL, NULL, NULL, NULL, NULL, NULL, NULL, NULL),
(87, 228, 'id_electricalappliance_4', NULL, 'Electrical Applicance 4', NULL, 'Electrical Applicance 4', NULL, NULL, NULL, NULL, NULL, NULL, NULL, NULL, NULL, NULL),
-- LightingFacilities
(88, 229, 'id_lightningfacility_1', NULL, 'Lightning Facility 1', NULL, 'Lightning Facility 1', NULL, NULL, NULL, NULL, NULL, NULL, NULL, NULL, NULL, NULL),
(89, 229, 'id_lightningfacility_2', NULL, 'Lightning Facility 2', NULL, 'Lightning Facility 2', NULL, NULL, NULL, NULL, NULL, NULL, NULL, NULL, NULL, NULL),
(90, 229, 'id_lightningfacility_3', NULL, 'Lightning Facility 3', NULL, 'Lightning Facility 31', NULL, NULL, NULL, NULL, NULL, NULL, NULL, NULL, NULL, NULL),
(91, 229, 'id_lightningfacility_4', NULL, 'Lightning Facility 4', NULL, 'Lightning Facility 4', NULL, NULL, NULL, NULL, NULL, NULL, NULL, NULL, NULL, NULL);

TRUNCATE citydb.nrg8_facilities CASCADE;
INSERT INTO citydb.nrg8_facilities(id, objectclass_id, heat_diss_tot_value, 
heat_diss_tot_value_unit, heat_diss_conv, heat_diss_lat, heat_diss_rad, electr_pwr, 
electr_pwr_unit, nbr_of_baths, nbr_of_showers, nbr_of_washbasins, water_strg_vol, water_strg_vol_unit, 
oper_sched_id, usage_zone_id, building_unit_id) VALUES 
-- DHWFacilities
(80, 227, 5, 'W/m^2', 0.4, 0.3, 0.3, NULL, NULL, 1, 0, 1, 0.8, 'm^3',        2, NULL, 76),  -- id_dhwfacilities_1
(81, 227, 5, 'W/m^2', 0.5, 0.3, 0.2, NULL, NULL, 1, 0, 1, 0.8, 'm^3',        6, NULL, 77),  -- id_dhwfacilities_2
(82, 227, 5, 'W/m^2', 0.6, 0.2, 0.2, NULL, NULL, 2, 2, 3, 1, 'm^3',         10, NULL, 78),  -- id_dhwfacilities_3
(83, 227, 5, 'W/m^2', 0.6, 0.2, 0.2, NULL, NULL, 2, 2, 3, 1, 'm^3',         10, NULL, 79),  -- id_dhwfacilities_4
-- ElectricalApplicances
(84, 228, 4, 'W/m^2', 0.7, 0.2, 0.1, 5, 'kW', NULL, NULL, NULL, NULL, NULL,  3, 72, NULL),  -- id_electricalappliance_1
(85, 228, 6, 'W/m^2', 0.7, 0.2, 0.1, 6, 'kW', NULL, NULL, NULL, NULL, NULL,  7, 73, NULL),  -- id_electricalappliance_2
(86, 228, 3, 'W/m^2', 0.7, 0.2, 0.1, 3, 'kW', NULL, NULL, NULL, NULL, NULL, 11, 74, NULL),  -- id_electricalappliance_3
(87, 228, 3, 'W/m^2', 0.7, 0.2, 0.1, 4, 'kW', NULL, NULL, NULL, NULL, NULL, 15, 75, NULL),  -- id_electricalappliance_4
-- LightingFacilities
(88, 229, 9, 'W/m^2', 0.3, 0.3, 0.4, 6, 'kW', NULL, NULL, NULL, NULL, NULL,  4, NULL, 76),  -- id_lightningfacility_1
(89, 229, 7, 'W/m^2', 0.3, 0.3, 0.4, 6, 'kW', NULL, NULL, NULL, NULL, NULL,  8, NULL, 77),  -- id_lightningfacility_2
(90, 229, 5, 'W/m^2', 0.3, 0.3, 0.4, 3, 'kW', NULL, NULL, NULL, NULL, NULL, 12, NULL, 78),  -- id_lightningfacility_3
(91, 229, 5, 'W/m^2', 0.3, 0.3, 0.4, 4, 'kW', NULL, NULL, NULL, NULL, NULL, 16, NULL, 79);  -- id_lightningfacility_4

---
-- Module Energy System
---
TRUNCATE citydb.nrg8_energy_demand CASCADE;
INSERT INTO citydb.nrg8_energy_demand
(id, objectclass_id, gmlid, gmlid_codespace, name, name_codespace, description, end_use, max_load, max_load_unit, time_series_id, cityobject_id)
VALUES
(1, 232, 'id_energy_demand_building_1', NULL, 'Energy demand for space heating of Building 1', NULL, 'Description of the energy demand for space heating for Building 1', 'SpaceHeating', 6, 'kW', 1, 1),  -- CityObject: 'id_building_1', TimeSeries: 'id_energy_demand_building_1'
(2, 232, 'id_energy_demand_thermalzone_1', NULL, 'Energy demand for space heating of Thermal Zone 1', NULL, 'Description of the energy demand for space heating for Thermal Zone 1', 'SpaceHeating', 6, 'kW', 30, 26),  -- CityObject: 'id_thermalzone_1', TimeSeries: 'id_timeseries_energydemand_1'
(3, 232, 'id_energy_demand_thermalzone_2', NULL, 'Energy demand for space heating of Thermal Zone 2', NULL, 'Description of the energy demand for space heating for Thermal Zone 2', 'SpaceHeating', 6, 'kW', 31, 27),  -- CityObject: 'id_thermalzone_2', TimeSeries: 'id_timeseries_energydemand_2'
(4, 232, 'id_energy_demand_thermalzone_3', NULL, 'Energy demand for space heating of Thermal Zone 3', NULL, 'Description of the energy demand for space heating for Thermal Zone 3', 'SpaceHeating', 6, 'kW', 32, 28),  -- CityObject: 'id_thermalzone_3', TimeSeries: 'id_timeseries_energydemand_3'
(5, 232, 'id_energy_demand_thermalzone_4', NULL, 'Energy demand for space heating of Thermal Zone 4', NULL, 'Description of the energy demand for space heating for Thermal Zone 4', 'SpaceHeating', 6, 'kW', 33, 29);  -- CityObject: 'id_thermalzone_4', TimeSeries: 'id_timeseries_energydemand_4'

---
-- Linking Tables
---
TRUNCATE citydb.opening_to_them_surface CASCADE; 
INSERT INTO citydb.opening_to_them_surface (opening_id, thematic_surface_id) VALUES 
(3, 2),
(7, 6),
(8, 6),
(9, 6),
(10, 6),
(11, 6),
(12, 6),
(13, 6),
(14, 6),
(16, 15),
(17, 15),
(18, 15),
(19, 15),
(21, 20),
(22, 20),
(23, 20),
(24, 20);

TRUNCATE citydb.nrg8_therm_bdry_to_them_surf CASCADE;
INSERT INTO citydb.nrg8_therm_bdry_to_them_surf(therm_boundary_id, them_surf_id) VALUES 
--(30, NULL), -- does not have a corresponds/relatesTo
(31, 25),	-- id_floor_thermalboundary_1 to id_groundsurface_1 
(32, 6),		-- id_wall_thermalboundary_1s to id_wallsurface_1
(33, 5),		-- id_wall_thermalboundary_1n to id_wallsurface_2
(34, 20),	-- id_wall_thermalboundary_1w to id_wallsurface_3
--(35, NULL), -- does not have a corresponds/relatesTo
(36, 25),	-- id_floor_thermalboundary_2 to id_groundsurface_1
--(37, NULL), -- does not have a corresponds/relatesTo
(38, 5),		-- id_wall_thermalboundary_2n to id_wallsurface_2
(39, 6),		-- id_wall_thermalboundary_2s to id_wallsurface_1
--(40, NULL), -- does not have a corresponds/relatesTo
(41, 15),	-- id_wall_thermalboundary_2e to id_wallsurface_4
--(42, NULL),	-- does not have a corresponds/relatesTo
--(43, NULL),	-- does not have a corresponds/relatesTo
--(44, NULL),	-- does not have a corresponds/relatesTo
(45, 20),	-- id_wall_thermalboundary_3w to id_wallsurface_3
(46, 15),	-- id_wall_thermalboundary_3e to id_wallsurface_4
(47, 6), 	-- id_wall_thermalboundary_3s to id_wallsurface_1
(48, 5),		-- id_wall_thermalboundary_3n to id_wallsurface_2
--(49, NULL),	-- does not have a corresponds/relatesTo
(50, 2),		-- id_ceiling_thermalboundary_4w to id_roofsurface_1
(51, 4),		-- id_ceiling_thermalboundary_4e to id_roofsurface_2
(52, 6),		-- id_wall_thermalboundary_4s to id_wallsurface_1
(53, 5), 	-- id_wall_thermalboundary_4n to id_wallsurface_2
(54, 20), 	-- id_wall_thermalboundary_4w to id_wallsurface_3
(55, 15); 	-- id_wall_thermalboundary_4e to id_wallsurface_4


TRUNCATE citydb.nrg8_therm_open_to_open CASCADE;
INSERT INTO citydb.nrg8_therm_open_to_open(therm_opening_id, opening_id) VALUES 
(57, 3),		-- id_thermal_opening_win_4rw to id_window_4rw
(58, 7),		-- id_thermal_opening_win_3bs to id_window_3bs
(56, 8),		-- id_thermal_opening_win_4bs to id_window_4bs
(59, 9),		-- id_thermal_opening_win_4as to id_window_4as
(60, 10),	-- id_thermal_opening_win_3as to id_window_3as
(61, 11),	-- id_thermal_opening_win_1s to id_window_1s
(62, 12),	-- id_thermal_opening_win_2s to id_window_2s
(63, 16),	-- id_thermal_opening_win_2be to id_window_2be
(64, 17),	-- id_thermal_opening_win_3be to id_window_3be
(65, 18),	-- id_thermal_opening_win_2ae to id_window_2ae
(165, 19),	-- id_thermal_opening_win_3ae to id_window_3ae
(66, 21),	-- id_thermal_opening_win_1aw to id_window_1aw
(67, 22),	-- id_thermal_opening_win_3bw to id_window_3bw
(68, 23),	-- id_thermal_opening_win_1bw to id_window_1bw
(69, 24),	-- id_thermal_opening_win_3aw to id_window_3aw
(70, 13),	-- id_thermal_opening_door_1 to id_door_1
(71, 14);	-- id_thermal_opening_door_2 to id_door_2

TRUNCATE citydb.nrg8_cityobject_to_constr CASCADE;
INSERT INTO citydb.nrg8_cityobject_to_constr (cityobject_id, constr_id) VALUES
(25, 1),	-- CityObject: 'id_groundsurface_1', Construction: 'id_construction_ground_1'
(31, 1),	-- CityObject: 'id_floor_thermalboundary_1', Construction: 'id_construction_ground_1'
(36, 1),	-- CityObject: 'id_floor_thermalboundary_2', Construction: 'id_construction_ground_1'
(5, 2),	-- CityObject: 'id_wallsurface_2', Construction: 'id_construction_wall_2'
(6, 2),	-- CityObject: 'id_wallsurface_1', Construction: 'id_construction_wall_2'
(15, 2),	-- CityObject: 'id_wallsurface_4', Construction: 'id_construction_wall_2'
(20, 2),	-- CityObject: 'id_wallsurface_3', Construction: 'id_construction_wall_2'
(32, 2),	-- CityObject: 'id_wall_thermalboundary_1s', Construction: 'id_construction_wall_2'
(33, 2),	-- CityObject: 'id_wall_thermalboundary_1n', Construction: 'id_construction_wall_2'
(34, 2),	-- CityObject: 'id_wall_thermalboundary_1w', Construction: 'id_construction_wall_2'
(38, 2),	-- CityObject: 'id_wall_thermalboundary_2n', Construction: 'id_construction_wall_2'
(39, 2),	-- CityObject: 'id_wall_thermalboundary_2s', Construction: 'id_construction_wall_2'
(41, 2),	-- CityObject: 'id_wall_thermalboundary_2e', Construction: 'id_construction_wall_2'
(45, 2),	-- CityObject: 'id_wall_thermalboundary_3w', Construction: 'id_construction_wall_2'
(46, 2),	-- CityObject: 'id_wall_thermalboundary_3e', Construction: 'id_construction_wall_2'
(47, 2),	-- CityObject: 'id_wall_thermalboundary_3s', Construction: 'id_construction_wall_2'
(48, 2),	-- CityObject: 'id_wall_thermalboundary_3n', Construction: 'id_construction_wall_2'
(52, 2),	-- CityObject: 'id_wall_thermalboundary_4s', Construction: 'id_construction_wall_2'
(53, 2),	-- CityObject: 'id_wall_thermalboundary_4n', Construction: 'id_construction_wall_2'
(54, 2),	-- CityObject: 'id_wall_thermalboundary_4w', Construction: 'id_construction_wall_2'
(55, 2),	-- CityObject: 'id_wall_thermalboundary_4e', Construction: 'id_construction_wall_2'
(2, 3),	-- CityObject: 'id_roofsurface_1', Construction: 'id_construction_roof_3'
(4, 3),	-- CityObject: 'id_roofsurface_2', Construction: 'id_construction_roof_3'
(50, 3),	-- CityObject: 'id_ceiling_thermalboundary_4w', Construction: 'id_construction_roof_3'
(51, 3),	-- CityObject: 'id_ceiling_thermalboundary_4e', Construction: 'id_construction_roof_3'
(30, 4),	-- CityObject: 'id_ceiling_thermalboundary_1', Construction: 'id_construction_iwall_4'
(35, 4),	-- CityObject: 'id_wall_thermalboundary_1ie', Construction: 'id_construction_iwall_4'
(37, 4),	-- CityObject: 'id_ceiling_thermalboundary_2', Construction: 'id_construction_iwall_4'
(40, 4),	-- CityObject: 'id_wall_thermalboundary_2iw', Construction: 'id_construction_iwall_4'
(42, 4),	-- CityObject: 'id_floor_thermalboundary_31', Construction: 'id_construction_iwall_4'
(43, 4),	-- CityObject: 'id_floor_thermalboundary_32', Construction: 'id_construction_iwall_4'
(44, 4),	-- CityObject: 'id_ceiling_thermalboundary_3', Construction: 'id_construction_iwall_4'
(49, 4),	-- CityObject: 'id_floor_thermalboundary_4', Construction: 'id_construction_iwall_4'
(3, 5),	-- CityObject: 'id_window_4rw', Construction: 'id_construction_glazing_5'
(7, 5),	-- CityObject: 'id_window_3bs', Construction: 'id_construction_glazing_5'
(8, 5),	-- CityObject: 'id_window_4bs', Construction: 'id_construction_glazing_5'
(9, 5),	-- CityObject: 'id_window_4as', Construction: 'id_construction_glazing_5'
(10, 5),	-- CityObject: 'id_window_3as', Construction: 'id_construction_glazing_5'
(11, 5),	-- CityObject: 'id_window_1s', Construction: 'id_construction_glazing_5'
(12, 5),	-- CityObject: 'id_window_2s', Construction: 'id_construction_glazing_5'
(16, 5),	-- CityObject: 'id_window_2be', Construction: 'id_construction_glazing_5'
(17, 5),	-- CityObject: 'id_window_3be', Construction: 'id_construction_glazing_5'
(18, 5),	-- CityObject: 'id_window_2ae', Construction: 'id_construction_glazing_5'
(19, 5),	-- CityObject: 'id_window_3ae', Construction: 'id_construction_glazing_5'
(21, 5),	-- CityObject: 'id_window_1aw', Construction: 'id_construction_glazing_5'
(22, 5),	-- CityObject: 'id_window_3bw', Construction: 'id_construction_glazing_5'
(23, 5),	-- CityObject: 'id_window_1bw', Construction: 'id_construction_glazing_5'
(24, 5),	-- CityObject: 'id_window_3aw', Construction: 'id_construction_glazing_5'
(1001, 21),
(1002, 22),
(1003, 23);



INSERT INTO citydb.cityobject (id, objectclass_id, gmlid, name, creation_date) VALUES 
(201, 236, 'id_thermal_storage_system_1', 'thermal_storage_system_1', '2017-05-15'),
(202, 236, 'id_thermal_storage_system_2', 'thermal_storage_system_2', '2017-05-15'),
(203, 237, 'id_power_storage_system_3', 'power_storage_system_1', '2017-05-15'),
(204, 237, 'id_power_storage_system_4', 'power_storage_system_2', '2017-05-15'),
(211, 239, 'id_thermal_distrib_system_1', 'thermal_distrib_system_1', '2017-05-15'),
(212, 239, 'id_thermal_distrib_system_2', 'thermal_distrib_system_2', '2017-05-15'),
(213, 240, 'id_power_distrib_system_3', 'power_distrib_system_1', '2017-05-15'),
(214, 240, 'id_power_distrib_system_4', 'power_distrib_system_2', '2017-05-15'),
(221, 241, 'id_emitter_1', 'emitter_1', '2017-05-15'),
(222, 241, 'id_emitter_2', 'emitter_2', '2017-05-15'),
(231, 242, 'id_conv_system_1', 'generic_conv_system_1', '2017-05-15'),
(232, 242, 'id_conv_system_2', 'generic_conv_system_2', '2017-05-15'),
(233, 242, 'id_conv_system_3', 'generic_conv_system_3', '2017-05-15'),
(241, 245, 'id_solar_pv_system_1', 'solar_pv_system_1', '2017-05-15'),
(242, 245, 'id_solar_pv_system_2', 'solar_pv_system_2', '2017-05-15'),
(243, 244, 'id_solar_thermal_system_1', 'solar_thermal_system_1', '2017-05-15'),
(244, 244, 'id_solar_thermal_system_2', 'solar_thermal_system_2', '2017-05-15'),
(245, 246, 'id_solar_combi_system_1', 'solar_combi_system_1', '2017-05-15'),
(246, 246, 'id_solar_combi_system_2', 'solar_combi_system_2', '2017-05-15'),
(251, 247, 'id_boiler_1', 'boiler_1', '2017-05-15'),
(252, 247, 'id_boiler_2', 'boiler_2', '2017-05-15'),
(261, 248, 'id_elec_resistance_1', 'elec_resistance_1', '2017-05-15'),
(262, 248, 'id_elec_resistance_2', 'elec_resistance_2', '2017-05-15'),
(271, 249, 'id_heat_pump_1', 'heat_pump_1', '2017-05-15'),
(272, 249, 'id_heat_pump_2', 'heat_pump_2', '2017-05-15'),
(281, 250, 'id_chp_1', 'chp_1', '2017-05-15'),
(282, 250, 'id_chp_2', 'chp_2', '2017-05-15'),
(291, 251, 'id_heat_exchanger_1', 'heat_exchanger_1', '2017-05-15'),
(292, 251, 'id_heat_exchanger_2', 'heat_exchanger_2', '2017-05-15'),
(301, 252, 'id_mech_vent_1', 'mech_vent_1', '2017-05-15'),
(302, 252, 'id_mech_vent_2', 'mech_vent_2', '2017-05-15'),
(311, 253, 'id_chiller_1', 'chiller_1', '2017-05-15'),
(312, 253, 'id_chiller_2', 'chiller_2', '2017-05-15'),
(321, 254, 'id_aircompressor_1', 'aircompressor_1', '2017-05-15'),
(322, 254, 'id_aircompressor_2', 'aircompressor_2', '2017-05-15');

TRUNCATE citydb.nrg8_storage_system CASCADE;
INSERT INTO citydb.nrg8_storage_system (id, objectclass_id, nrg_demand_id)
VALUES
(201, 236, NULL),
(202, 236, NULL),
(203, 237, NULL),
(204, 237, NULL);

INSERT INTO citydb.nrg8_thermal_storage_system(
id, objectclass_id, medium, vol, vol_unit, prep_temp, prep_temp_unit, 
therm_loss, therm_loss_unit)
VALUES
(201, 236, 'Air'  ,  5,'m^3' ,45,'° C',NULL, NULL),
(202, 236, 'Water', 35,'m^3' ,280,'K', NULL, NULL);

INSERT INTO citydb.nrg8_power_storage_system(
id, objectclass_id, battery_techn, pwr_capacity, pwr_capacity_unit)
VALUES
(203, 237, NULL, NULL, NULL),
(204, 237, NULL, NULL, NULL);


TRUNCATE citydb.nrg8_distrib_system CASCADE;
INSERT INTO citydb.nrg8_distrib_system (id, objectclass_id, nrg_demand_id)
VALUES
(211, 239, NULL),
(212, 239, NULL),
(213, 240, NULL),
(214, 240, NULL);


INSERT INTO citydb.nrg8_power_distrib_system(
id, objectclass_id, current, current_unit, voltage, voltage_unit)
VALUES
(213, 240, 5, 'A', 220, 'V'),
(214, 240, 1, 'A', 110, 'V');

INSERT INTO citydb.nrg8_thermal_distrib_system(
id, objectclass_id, has_circulation, medium, nom_flow, nom_flow_unit, 
supply_temp, supply_temp_unit, return_temp, return_temp_unit, 
therm_loss, therm_loss_unit)
VALUES
(211, 239, 1, 'Steam',NULL,NULL,330,'K',260,'K',NULL,NULL),
(212, 239, 0, 'Water',NULL,NULL,120,'° C',30,'° C',NULL,NULL);

INSERT INTO citydb.nrg8_emitter(
id, objectclass_id, type, unit_nbr, inst_pwr, inst_pwr_unit, 
therm_exch_tot_value, therm_exch_tot_value_unit, therm_exch_conv, 
therm_exch_rad, therm_exch_lat, distr_system_id)
VALUES
(221, 241, 'Radiator' , 2 , NULL,NULL,NULL,NULL,NULL,NULL,NULL, 211),
(222, 241, 'Convector', 20, NULL,NULL,NULL,NULL,NULL,NULL,NULL, 211);

INSERT INTO citydb.nrg8_conv_system(
id, objectclass_id, model, nbr, year_of_manufacture, inst_nom_pwr, 
inst_nom_pwr_unit, nom_effcy, effcy_indicator, start_of_life, 
life_expect_value, life_expect_value_unit, main_maint_interval, 
main_maint_interval_unit, inst_in_ctyobj_id, cityobject_id)
VALUES
(231, 242, 'Model name A', NULL, 1999, NULL, NULL, 0.85, NULL, now(), 5, 'a', 1, 'month', NULL, 1),  --'id_conv_system_1',
(232, 242, 'Model name B', NULL, 1998, NULL, NULL, 0.45, NULL, now(), 5, 'a', 6, 'month', NULL, 1),  --'id_conv_system_2',
(233, 242, 'Model name C', NULL, 1997, NULL, NULL, 0.75, NULL, now(), 5, 'a', 6, 'month', NULL, 1),  --'id_conv_system_3',
(261, 248, 'Model name D', NULL, 1997, NULL, NULL, 0.85, NULL, now(), 5, 'a', 2, 'month', NULL, 1),  --'id_elec_resistance_1',
(262, 248, 'Model name E', NULL, 1996, NULL, NULL, 0.85, NULL, now(), 5, 'a', 6, 'month', NULL, 1),  --'id_elec_resistance_2', 

(243, 244, 'Model name H', NULL, 1999, NULL, NULL, 0.85, NULL, now(), 5, 'a', 2, 'w', NULL, 1),  --'id_solar_thermal_system_1',
(244, 244, 'Model name I', NULL, 1992, NULL, NULL, 0.9,  NULL, now(), 5, 'a', 6, 'w', NULL, 1),  --'id_solar_thermal_system_2',  
(241, 245, 'Model name F', NULL, 1995, NULL, NULL, 0.85, NULL, now(), 5, 'a', 6, 'w', NULL, 1003),  --'id_solar_pv_system_1', 
(242, 245, 'Model name G', NULL, 1993, NULL, NULL, 0.85, NULL, now(), 5, 'a', 6, 'w', NULL, 1),  --'id_solar_pv_system_2', 
(245, 246, 'Model name J', NULL, 1996, NULL, NULL, 0.85, NULL, now(), 5, 'a', 2, 'w', NULL, 1),  --'id_solar_combi_system_1', 
(246, 246, 'Model name K', NULL, 1998, NULL, NULL, 0.8,  NULL, now(), 5, 'a', 6, 'w', NULL, 1003),  --'id_solar_combi_system_2',
 
(251, 247, 'Model name L', NULL, 2000, NULL, NULL, 0.85, NULL, now(), 5, 'a', 6, 'w', NULL, 1), --'id_boiler_1', 
(252, 247, 'Model name M', NULL, 1990, NULL, NULL, 0.85, NULL, now(), 5, 'a', 2, 'w', NULL, 1), --'id_boiler_2', 

(271, 249, 'Model name N', NULL, 1991, NULL, NULL, 0.85, NULL, now(), 2, 'a', 2, 'month', NULL, 1), --'id_heat_pump_1', 
(272, 249, 'Model name O', NULL, 1999, NULL, NULL, 0.85, NULL, now(), 2, 'a', 6, 'month', NULL, 1), --'id_heat_pump_2', 
(281, 250, 'Model name P', NULL, 1944, NULL, NULL, 0.85, NULL, now(), 2, 'a', 6, 'month', NULL, 1), --'id_chp_1', 
(282, 250, 'Model name Q', NULL, 1968, NULL, NULL, 0.85, NULL, now(), 5, 'a', 3, 'month', NULL, 1), --'id_chp_2', 
(291, 251, 'Model name R', NULL, 1998, NULL, NULL, 0.85, NULL, now(), 5, 'a', 6, 'month', NULL, 1), --'id_heat_exchanger_1', 
(292, 251, 'Model name S', NULL, 1996, NULL, NULL, 0.85, NULL, now(), 5, 'a', 6, 'month', NULL, 1003), --'id_heat_exchanger_2', 
(301, 252, 'Model name T', NULL, 1991, NULL, NULL, 0.85, NULL, now(), 2, 'a', 4, 'month', NULL, 1), --'id_mech_vent_1', 
(302, 252, 'Model name U', NULL, 1991, NULL, NULL, 0.85, NULL, now(), 5, 'a', 6, 'month', NULL, 1), --'id_mech_vent_2', 
(311, 253, 'Model name V', NULL, 1992, NULL, NULL, 0.85, NULL, now(), 5, 'a', 6, 'month', NULL, 1), --'id_chiller_1',
(312, 253, 'Model name 1', NULL, 1993, NULL, NULL, 0.85, NULL, now(), 5, 'a', 5, 'month', NULL, 1003), --'id_chiller_2', 
(321, 254, 'Model name 2', NULL, 1994, NULL, NULL, 0.85, NULL, now(), 5, 'a', 6, 'month', NULL, 1003), --'id_aircompressor_1', 
(322, 254, 'Model name 3', NULL, 1995, NULL, NULL, 0.85, NULL, now(), 5, 'a', 6, 'month', NULL, 1003); --'id_aircompressor_2', 

INSERT INTO citydb.nrg8_solar_system(
id, objectclass_id, collector_type, cell_type, module_area, module_area_unit, 
aperture_area, aperture_area_unit, eta0, a1, a2, them_surf_id, 
building_inst_id, multi_surf_id, multi_surf_geom)
VALUES
(243, 244, 'FlatPanelCollector'    , NULL, 3  , 'm^2', NULL, NULL, NULL, NULL, NULL, NULL, NULL, NULL, 'SRID=31256;MULTIPOLYGON(((0 0 10,5 0 10,5 10 15,0 10 15,0 0 10)))'::geometry),     
(244, 244, 'FlatPanelCollector'    , NULL, 2  , 'm^2', NULL, NULL, NULL, NULL, NULL, NULL, NULL, NULL, 'SRID=31256;MULTIPOLYGON(((0 0 10,5 0 10,5 10 15,0 10 15,0 0 10)))'::geometry),   
(241, 245, 'FlatPanelCollector'    , NULL, 1  , 'm^2', NULL, NULL, NULL, NULL, NULL, NULL, NULL, NULL, 'SRID=31256;MULTIPOLYGON(((0 0 10,5 0 10,5 10 15,0 10 15,0 0 10)))'::geometry), 
(242, 245, 'EvacuatedTubeCollector', NULL, 5  , 'm^2', NULL, NULL, NULL, NULL, NULL, NULL, NULL, NULL, 'SRID=31256;MULTIPOLYGON(((0 0 10,5 0 10,5 10 15,0 10 15,0 0 10)))'::geometry), 
(245, 246, 'FlatPanelCollector'    , NULL, 6  , 'm^2', NULL, NULL, NULL, NULL, NULL, NULL, NULL, NULL, 'SRID=31256;MULTIPOLYGON(((0 0 10,5 0 10,5 10 15,0 10 15,0 0 10)))'::geometry), 
(246, 246, 'FlatPanelCollector'    , NULL, 100, 'm^2', NULL, NULL, NULL, NULL, NULL, NULL, NULL, NULL, 'SRID=31256;MULTIPOLYGON(((0 0 10,5 0 10,5 10 15,0 10 15,0 0 10)))'::geometry); 

INSERT INTO citydb.nrg8_boiler
(id, objectclass_id, condensation)
VALUES
(251, 247, 0), --'id_boiler_1' 
(252, 247, 1); --'id_boiler_2'
 
INSERT INTO citydb.nrg8_heat_pump
(id, objectclass_id, heat_source, cop_source_temp, cop_source_temp_unit)
VALUES
(271, 249, 'VerticalGroundCollector'  , 25.0 , '°C'), --'id_heat_pump_1' 
(272, 249, 'HorizontalGroundCollector', 15.0 , '°C'); --'id_heat_pump_2'
 
INSERT INTO citydb.nrg8_combined_heat_power
(id, objectclass_id, techn_type, therm_effcy, electr_effcy)
VALUES
(281, 250, NULL, 0.4, 0.3), --'id_chp_1' 
(282, 250, NULL, 0.5, 0.3); --'id_chp_2'

INSERT INTO citydb.nrg8_heat_exchanger
(id, objectclass_id, network_id, network_node_id, prim_heat_supplier)
VALUES
(291, 251, NULL, NULL, NULL), --'id_heat_exchanger_1' 
(292, 251, NULL, NULL, NULL); --'id_heat_exchanger_2' 

INSERT INTO citydb.nrg8_mech_ventilation
(id, objectclass_id, heat_recovery, recuperation)
VALUES
(301, 252, 1, 0.8), --'id_mech_vent_1' 
(302, 252, 0, NULL); --'id_mech_vent_2' 

INSERT INTO citydb.nrg8_chiller
(id, objectclass_id, condensation_type, compressor_type, refrigerant)
VALUES
(311, 253, 'HybridCooling', 'CentrifugalCompressor',                  NULL), --'id_chiller_1'
(312, 253, 'AdiabaticCooling', 'ReciprocatingCompressorSemiHermetic', NULL); --'id_chiller_2' 

INSERT INTO citydb.nrg8_air_compressor
(id, objectclass_id, compressor_type, pressure, pressure_unit)
VALUES
(321, 254, 'ScrollCompressor',      10, 'MPa'), --'id_aircompressor_1' 
(322, 254, 'CentrifugalCompressor', 15, 'MPa'); --'id_aircompressor_2' 

-- Define some CityObjectGroups

INSERT INTO citydb.cityobject (id, objectclass_id, gmlid, name, creation_date, description) VALUES 
(401, 23, 'id_cityobject_group_1', 'cityobject_group_1', '2017-05-17', 'group of ADE buildings'),
(402, 23, 'id_cityobject_group_2', 'cityobject_group_2', '2017-05-17', 'group of ADE building + solar_panels'),
(403, 23, 'id_cityobject_group_3', 'cityobject_group_3', '2017-05-17', 'group of ADE buildings + distrib_system'),
(404, 23, 'id_cityobject_group_4', 'cityobject_group_4', '2017-05-17', 'group of ADE thermal zone + thermal usages'),
(405, 23, 'id_cityobject_group_5', 'cityobject_group_5', '2017-05-17', 'group of group 403 and 404');


TRUNCATE citydb.cityobjectgroup CASCADE;
INSERT INTO citydb.cityobjectgroup (id, class, function, usage) VALUES 
(401, 'class_1', 'function_1', 'usage_1'),
(402, 'class_2', 'function_2', 'usage_2'),
(403, 'class_3', 'function_3', 'usage_3'),
(404, 'class_4', 'function_4', 'usage_4'),
(405, 'class_5', 'function_5', 'usage_5');

INSERT INTO citydb.group_to_cityobject
(cityobjectgroup_id, cityobject_id, role)
VALUES
(401, 1, NULL),  -- group1 -- building 1
(401, 1001, NULL), -- group1 -- building 1001
(402, 1001, NULL), -- group2 -- building 1001
(402, 243, NULL), -- group2 -- solar panel 243
(402, 244, NULL), -- group2 -- solar panel 244
(403, 1002, NULL), -- group3 -- building 1002
(403, 212, NULL), -- group3 -- distrib sys 212
(403, 213, NULL), -- group3 -- distrib sys 213
(404, 26, NULL), -- group4 -- thermal zone 1002
(404, 72, NULL), -- group4 -- usage zone 72
(404, 76, NULL), -- group4 -- building unit 76
(404, 77, NULL), -- group4 -- building unit 77
(405, 402, NULL), -- group5 -- group2
(405, 404, NULL); -- group5 -- group4


TRUNCATE citydb.nrg8_final_energy CASCADE;
INSERT INTO citydb.nrg8_final_energy(
id, objectclass_id, gmlid, name,
nrg_car_type, nrg_car_prim_nrg_factor, nrg_car_prim_nrg_factor_unit, 
nrg_car_nrg_density, nrg_car_nrg_density_unit, nrg_car_co2_emission, 
nrg_car_co2_emission_unit, time_series_id)
VALUES
( 1, 233, 'id_final_energy_1',  'final_energy_1',  NULL, NULL, NULL, NULL, NULL, NULL, NULL, 1021),
( 2, 233, 'id_final_energy_2',  'final_energy_2',  NULL, NULL, NULL, NULL, NULL, NULL, NULL, 1022),
( 3, 233, 'id_final_energy_3',  'final_energy_3',  NULL, NULL, NULL, NULL, NULL, NULL, NULL, 1023),
( 4, 233, 'id_final_energy_4',  'final_energy_4',  NULL, NULL, NULL, NULL, NULL, NULL, NULL, 1024),
( 5, 233, 'id_final_energy_5',  'final_energy_5',  NULL, NULL, NULL, NULL, NULL, NULL, NULL, 1025),
( 6, 233, 'id_final_energy_6',  'final_energy_6',  NULL, NULL, NULL, NULL, NULL, NULL, NULL, 1026),
( 7, 233, 'id_final_energy_7',  'final_energy_7',  NULL, NULL, NULL, NULL, NULL, NULL, NULL, 1027),
( 8, 233, 'id_final_energy_8',  'final_energy_8',  NULL, NULL, NULL, NULL, NULL, NULL, NULL, 1028),
( 9, 233, 'id_final_energy_9',  'final_energy_9',  NULL, NULL, NULL, NULL, NULL, NULL, NULL, 1029),
(10, 233, 'id_final_energy_10', 'final_energy_10', NULL, NULL, NULL, NULL, NULL, NULL, NULL, 1030)
;


-- INSERT INTO citydb.nrg8_conv_sys_to_final_nrg(
-- conv_system_id, final_nrg_id, role)
-- VALUES
-- (?, 1, 'production'),
-- (?, 2, 'production'),
-- (?, 3, 'production'),
-- (?, 4, 'production'),
-- (?, 5, 'production'),
-- (?, 6, 'production'),
-- (?, 7, 'consumption'),
-- (?, 8, 'consumption'),
-- (?, 9, 'consumption'),
-- (?, 10,'consumption');

-- INSERT INTO citydb.nrg8_conv_sys_to_nrg_demand(
-- conv_system_id, nrg_demand_id)
-- VALUES
-- (NULL, NULL),


TRUNCATE citydb.nrg8_system_operation CASCADE;
INSERT INTO citydb.nrg8_system_operation(
id, objectclass_id, gmlid, name, end_use, yearly_global_effcy, sched_id, nrg_conv_system_id)
VALUES
( 1, 234, 'id_system_operation_1', 'id_system_operation_1',   'SpaceHeating',         0.95, 17, 243),
( 2, 234, 'id_system_operation_2', 'id_system_operation_2',   'ElectricalAppliances', 0.95, 18, 243),
( 3, 234, 'id_system_operation_3', 'id_system_operation_3',   'OtherOrCombination',   0.95, 19, 231),
( 4, 234, 'id_system_operation_4', 'id_system_operation_4',   'OtherOrCombination',   0.95, 20, 231),
( 5, 234, 'id_system_operation_5', 'id_system_operation_5',   'OtherOrCombination',   0.95, 21, 231),
( 6, 234, 'id_system_operation_6', 'id_system_operation_6',   'Lighting',             0.95, 22, 241),
( 7, 234, 'id_system_operation_7', 'id_system_operation_7',   'Lighting',             0.95, 23, 241),
( 8, 234, 'id_system_operation_8', 'id_system_operation_8',   'OtherOrCombination',   0.95, 24, 244),
( 9, 234, 'id_system_operation_9', 'id_system_operation_9',   'OtherOrCombination',   0.95, 25, 244),
(10, 234, 'id_system_operation_10', 'id_system_operation_10', 'OtherOrCombination',   0.95, 26, 244)
;

---
-- Ancillary Tables
---
TRUNCATE citydb.nrg8_dimensional_attrib CASCADE;
INSERT INTO citydb.nrg8_dimensional_attrib
(id, objectclass_id, type, value, value_unit, cityobject_id)
 VALUES
( 1, 259, 'EntrancePoint', 0, 'm', 1),	-- cityobject_id 'id_building_1'
( 2, 259, 'HighestEave',  10, 'm', 1),	-- cityobject_id 'id_building_1'
( 3, 258, 'GrossVolume',  1250, 'm^3', 1),			-- cityobject_id 'id_building_1'
( 4, 258, 'GrossVolume',  200, 'm^3', 26),			-- cityobject_id 'id_thermalzone_1'
( 5, 258, 'GrossVolume',  200, 'm^3', 27),			-- cityobject_id 'id_thermalzone_2'
( 6, 257, 'GrossFloorArea',  50, 'm^2', 72),	-- cityobject_id 'id_usagezone_1'
( 7, 257, 'NetFloorArea',  40, 'm^2', 72),		-- cityobject_id 'id_usagezone_1'
( 8, 257, 'GrossFloorArea', 50, 'm^2', 73),	-- cityobject_id 'id_usagezone_2'
( 9, 257, 'NetFloorArea', 40, 'm^2', 73),		-- cityobject_id 'id_usagezone_2'
(10, 257, 'GrossFloorArea', 100, 'm^2', 74),	-- cityobject_id 'id_usagezone_3'
(11, 257, 'NetFloorArea', 80, 'm^2', 74),		-- cityobject_id 'id_usagezone_3'
(12, 257, 'GrossFloorArea', 100, 'm^2', 75),	-- cityobject_id 'id_usagezone_4'
(13, 257, 'NetFloorArea', 80, 'm^2', 75);		-- cityobject_id 'id_usagezone_4'


TRUNCATE citydb.nrg8_perf_certification CASCADE;
INSERT INTO citydb.nrg8_perf_certification(id, name, rating, certification_id, building_id, building_unit_id) VALUES 
(1, 'Name of Energy Performance Certification 1', 'C', 'id_energyperformancecertification_1', 1, NULL),
(2, 'LEED', 'Platinum', '0815', NULL, 76),
(3, 'EnerPHit', 'Good', '4756', NULL, 77),
(4, 'Name of Energy Performance Certification 2', 'E', 'id_energyperformancecertification_2', NULL, 78),
(5, 'Name of Energy Performance Certification 3', 'B', 'id_energyperformancecertification_3', NULL, 79);

TRUNCATE citydb.nrg8_refurbishment_measure CASCADE;
INSERT INTO citydb.nrg8_refurbishment_measure(id, description, level, instant_date, begin_date, end_date, building_id, therm_boundary_id) VALUES
(1, 'Some refurbishment', 'UsualRefurbishment', '2010-06-01', NULL, NULL, 1, NULL),	-- id_building_1
(2, 'Some advanced refurbishment', 'AdvancedRefurbishment', NULL, '2016-05-15', '2017-05-15', 1, NULL),	--id_building_1
(3, 'Some thermal boundary refurbishment', 'UsualRefurbishment', '2013-01-01', NULL, NULL, NULL, 32),	--id_wall_thermalboundary_1s
(4, 'Some advanced thermal boundary refurbishment', 'AdvancedRefurbishment', NULL, '2013-05-15', '2013-07-15', NULL, 35); --id_wall_thermalboundary_1ie

DO
$$
BEGIN
RAISE NOTICE '

********************************

Test data installation complete!

********************************

';
END
$$;
SELECT 'Test data installation complete!'::varchar AS test_data_installation_result;

-- ***********************************************************************
-- ***********************************************************************
--
-- END OF FILE
--
-- ***********************************************************************
-- ***********************************************************************